company,title,season,season_inferred,seasons,program,remote,category,location,sponsorship,h1b_approvals,salary,skills,posted_at,posted_at_source,first_seen_at,url
Northrop Grumman,2027 Mechanical Engineer Intern - Baltimore MD,Summer 2027,False,,Internship,,Mechanical Design,United States-Maryland-Baltimore,citizens-only,,$20.5–$37.25/hr,,2026-09-21T00:00:00Z,date_only,2026-09-21T05:10:52Z,https://ngc.wd1.myworkdayjobs.com/Northrop_Grumman_External_Site/job/United-States-Maryland-Baltimore/XMLNAME-2027-Mechanical-Engineer-Intern---Baltimore-MD_R10251088
1X,Internship - CNC Machine Park,Not stated,True,,Internship,,Manufacturing & Quality,"Hayward, CA",unknown,,$28 – $30 per hour,CNC; GD&T,2026-09-18T19:21:23.088+00:00,exact,2026-09-18T21:07:08Z,https://jobs.ashbyhq.com/1x/ebc45d87-58d7-40d8-9e3d-5f3c8aa5eb48
Acron Aviation,Test Engineer Intern - Grand Rapids Site,Not stated,True,,Internship,,Test & Validation,"Grand Rapids, MI",unknown,,,Python; C++; LabVIEW,2026-09-18T19:24:35Z,exact,2026-09-18T21:07:08Z,https://jobs.lever.co/acronaviation/efde3e9b-1ea5-45f7-ba1d-e26e084e28c7
AECOM,Engineering Intern - Hydraulics - Hiring Event with AECOM – Raleigh,Not stated,True,,Internship,,"Thermal, Fluids & Propulsion","Raleigh, NC, United States",no-sponsorship,246,,CAD,2026-09-18T13:19:31.244Z,exact,2026-09-18T16:40:03Z,https://jobs.smartrecruiters.com/AECOM2/744000150370962
Alcon,2027 Spring/Summer Co-Op - Manufacturing Engineer,Summer 2027,False,,Co-op,,Manufacturing & Quality,"Fort Worth, Texas",no-sponsorship,57,,C++; CAD,2026-09-18T00:00:00Z,date_only,2026-09-18T16:40:03Z,https://alcon.wd5.myworkdayjobs.com/careers_alcon/job/Fort-Worth-Texas/XMLNAME-2027-Spring-Summer-Co-Op---Manufacturing-Engineer_R-2026-49587
Analytical Mechanics Associates,Mechanical Engineering Intern,Not stated,True,,Internship,,Mechanical Design,"Hampton, VA",citizens-only,4,,Creo; CAD; GD&T,2026-09-18T00:00:00Z,date_only,2026-09-18T21:07:08Z,https://amainc.wd12.myworkdayjobs.com/ama_careers/job/Hampton-VA/Mechanical-Engineering-Intern_R-100764
Charter Manufacturing,Mechanical Engineer Intern (Year-Round),Summer 2027,False,,Internship,,Mechanical Design,"Charter Steel - Saukville, WI",unknown,,,AutoCAD; Lean Manufacturing,2026-09-18T00:00:00Z,date_only,2026-09-18T21:07:08Z,https://chartermfg.wd5.myworkdayjobs.com/Charter_Careers/job/Charter-Steel---Saukville-WI/Mechanical-Engineer-Intern--Year-Round-_R08102
Crane Co.,Manufacturing Engineer Intern,Not stated,True,,Internship,,Manufacturing & Quality,"Saddle Brook, New Jersey",unknown,12,,CAD; Six Sigma; Lean Manufacturing,2026-09-18T00:00:00Z,date_only,2026-09-18T21:07:08Z,https://cranecompany.wd5.myworkdayjobs.com/Careers/job/Saddle-Brook-New-Jersey/Manufacturing-Engineer-Intern_JR102570
Gordon Food Service,Industrial / Mechanical / Electrical Engineer Internship,Not stated,True,,Internship,,Mechanical Design,"Wyoming, Michigan",unknown,21,,,2026-09-18T00:00:00Z,date_only,2026-09-18T21:07:08Z,https://gfs.wd5.myworkdayjobs.com/usjobs-gen-gfs/job/Wyoming-Michigan/Industrial---Mechanical---Electrical-Engineer-Internship_R-57373
RTX,Digital Hardware Design Engineer Co-op (Winter/Spring)(Onsite),Not stated,True,,Co-op,,Mechanical Design,US-IA-CEDAR RAPIDS-130 ~ 5350 C Ave NE ~ BLDG 130,citizens-only,,,,2026-09-18T00:00:00Z,date_only,2026-09-18T21:07:08Z,https://globalhr.wd5.myworkdayjobs.com/rec_rtx_ext_gateway/job/US-IA-CEDAR-RAPIDS-130--5350-C-Ave-NE--BLDG-130/Digital-Hardware-Design-Engineer-Co-op--Spring-Summer-_01871518-1
RTX,Digital Hardware Design Engineer Co-op (Summer/Fall 2027)(Onsite),Summer 2027,False,,Co-op,,Mechanical Design,US-IA-CEDAR RAPIDS-130 ~ 5350 C Ave NE ~ BLDG 130,citizens-only,,,,2026-09-18T00:00:00Z,date_only,2026-09-18T21:07:08Z,https://globalhr.wd5.myworkdayjobs.com/rec_rtx_ext_gateway/job/US-IA-CEDAR-RAPIDS-130--5350-C-Ave-NE--BLDG-130/Digital-Hardware-Design-Engineer-Co-op--Summer-Fall-2027--Onsite-_01871519
Graco,CNC Machine Mechanic Intern,Not stated,True,,Internship,,Manufacturing & Quality,"Dayton, Minnesota, USA",no-sponsorship,,,,2026-09-18T00:00:00Z,date_only,2026-09-18T21:07:08Z,https://graco.wd501.myworkdayjobs.com/Graco_Careers/job/Dayton-Minnesota-USA/CNC-Machine-Mechanic-Intern_R0023683
IDEX,Design Engineering Co-Op,Not stated,True,,Co-op,,Mechanical Design,"Cedar Falls, Iowa",unknown,2,,SolidWorks; CAD,2026-09-18T00:00:00Z,date_only,2026-09-18T21:07:08Z,https://idexcorp.wd5.myworkdayjobs.com/idex_careers/job/Cedar-Falls-Iowa/Design-Engineering-Co-Op_R-09921
Magna International,Intern - Validation Engineering,Not stated,True,,Internship,,Test & Validation,"Auburn Hills, Michigan, US",unknown,141,,,2026-09-18T00:00:00Z,date_only,2026-09-18T16:40:03Z,https://magna.wd3.myworkdayjobs.com/Magna/job/Auburn-Hills-Michigan-US/Intern---Validation-Engineering_R00261307
Northrop Grumman,2027 Manufacturing Engineer Intern,Summer 2027,False,,Internship,,Manufacturing & Quality,United States-Mississippi-Iuka,citizens-only,,$17.5–$31.75/hr,,2026-09-18T00:00:00Z,date_only,2026-09-18T16:40:03Z,https://ngc.wd1.myworkdayjobs.com/Northrop_Grumman_External_Site/job/United-States-Mississippi-Iuka/XMLNAME-2027-Manufacturing-Engineer-Intern_R10251750-1
Northrop Grumman,2027 Intern Tooling Engineer,Summer 2027,False,,Internship,,Manufacturing & Quality,United States-Utah-Clearfield,citizens-only,,$18.5–$33.5/hr,Siemens NX; CAD,2026-09-18T00:00:00Z,date_only,2026-09-18T16:40:03Z,https://ngc.wd1.myworkdayjobs.com/Northrop_Grumman_External_Site/job/United-States-Utah-Clearfield/XMLNAME-2026-Intern-Tooling-Engineer_R10251724
Northrop Grumman,2027 Intern Tooling Engineer,Summer 2027,False,,Internship,,Manufacturing & Quality,United States-Utah-Clearfield,citizens-only,,$18.5–$33.5/hr,Siemens NX; CAD,2026-09-18T00:00:00Z,date_only,2026-09-18T16:40:03Z,https://ngc.wd1.myworkdayjobs.com/Northrop_Grumman_External_Site/job/United-States-Utah-Clearfield/XMLNAME-2027-Intern-Tooling-Engineer_R10251728
Northrop Grumman,2027 Structural Engineer Intern,Summer 2027,False,,Internship,,Structures & FEA,United States-Utah-Clearfield,citizens-only,,$18.5–$33.5/hr,,2026-09-18T00:00:00Z,date_only,2026-09-18T21:07:08Z,https://ngc.wd1.myworkdayjobs.com/Northrop_Grumman_External_Site/job/United-States-Utah-Clearfield/XMLNAME-2027-Structural-Engineer-Intern_R10251781
Niagara Bottling,Manufacturing Intern - Milesburg,Not stated,True,,Internship,,Manufacturing & Quality,"Milesburg - Milesburg, PA",unknown,104,,,2026-09-18T00:00:00Z,date_only,2026-09-18T21:07:08Z,https://niagarawater.wd5.myworkdayjobs.com/niagara/job/Milesburg---Milesburg-PA/Manufacturing-Intern---Milesburg_R56065
Philips,"Co-op - Design Engineering - Latham, NY - January-June 2027",Summer 2027,False,,Co-op,,Mechanical Design,"Latham, New York, United States",unknown,,,,2026-09-18T00:00:00Z,date_only,2026-09-19T04:50:06Z,https://philips.wd3.myworkdayjobs.com/jobs-and-careers/job/Latham-New-York-United-States/Co-op---Design-Engineering---Latham--NY---January-June-2027_590362
Philips,"Co-op - Manufacturing Engineering - Latham, NY - January-August 2027",Summer 2027,False,,Co-op,,Manufacturing & Quality,"Latham, New York, United States",unknown,,,,2026-09-18T00:00:00Z,date_only,2026-09-18T16:40:03Z,https://philips.wd3.myworkdayjobs.com/jobs-and-careers/job/Latham-New-York-United-States/Co-op---Manufacturing-Engineering---Latham--NY---January-August-2027_590906
Valeo,Quality Engineer Co-Op (Summer 2027),Summer 2027,False,,Co-op,,Manufacturing & Quality,"Hamilton, OH",unknown,72,,FMEA,2026-09-18T00:00:00Z,date_only,2026-09-18T05:00:42Z,https://valeo.wd3.myworkdayjobs.com/valeo_jobs/job/Hamilton-OH/Quality-Engineer-Co-Op--Summer-2027-_REQ2026080099
Valeo,Mechatronics Engineering Co-Op,Not stated,True,,Co-op,,Controls & Mechatronics,"Troy, MI",no-sponsorship,72,,,2026-09-18T00:00:00Z,date_only,2026-09-18T21:07:08Z,https://valeo.wd3.myworkdayjobs.com/valeo_jobs/job/Troy-MI/Mechatronics-Engineering-Co-Op_REQ2026079866
Watts Water,"Manufacturing Quality Intern, Summer 2027",Summer 2027,False,,Internship,,Manufacturing & Quality,"Fort Myers, FL",unknown,4,,Six Sigma; Lean Manufacturing,2026-09-18T00:00:00Z,date_only,2026-09-18T16:40:03Z,https://wattswater.wd5.myworkdayjobs.com/Intern-External/job/Fort-Myers-FL/Manufacturing-Quality-Intern--Summer-2027_10017584
United Parcel Service (UPS),2027 Americas Region Industrial Engineering Summer Intern,Summer 2027,False,,Internship,,Manufacturing & Quality,US - UPS CORPORATE OFFICES (GACOR),citizens-only,,,,2026-09-18T00:00:00Z,date_only,2026-09-21T05:10:52Z,https://hcmportal.wd5.myworkdayjobs.com/Search/job/US---UPS-CORPORATE-OFFICES-GACOR/XMLNAME-2027-Americas-Region-Industrial-Engineering-Summer-Intern_R26032989
Rocket Lab,Test Engineering Intern Summer 2027,Summer 2027,False,,Internship,,Test & Validation,"Stennis Space Center, MS",citizens-only,,,Python; Java; MATLAB; CAD; GD&T; CAM,2026-09-17T14:18:54-04:00,exact,2026-09-17T21:37:19Z,https://job-boards.greenhouse.io/rocketlab/jobs/7990350003
Rocket Lab,Manufacturing Engineering Intern Summer 2027,Summer 2027,False,,Internship,,Manufacturing & Quality,"Wallops Island, VA",citizens-only,,,Python; SQL; CAD; CAM,2026-09-17T16:52:48-04:00,exact,2026-09-17T21:37:19Z,https://job-boards.greenhouse.io/rocketlab/jobs/7996623003
SharkNinja,Mechanical Engineering Co-op Opportunities,Not stated,True,,Co-op,,Mechanical Design,"Needham, MA, United States",unknown,23,,Python; SolidWorks; Creo; CAD,2026-09-17T11:26:33-04:00,exact,2026-09-17T17:13:31Z,https://job-boards.greenhouse.io/sharkninjaoperatingllc/jobs/4713783006
SharkNinja,Product Design Engineering Co-op Opportunities,Not stated,True,,Co-op,,Mechanical Design,"Needham, MA, United States",unknown,23,,SolidWorks; Creo; CAD,2026-09-17T11:27:25-04:00,exact,2026-09-17T17:13:31Z,https://job-boards.greenhouse.io/sharkninjaoperatingllc/jobs/4713800006
SharkNinja,Product Design Engineering Intern Opportunities,Not stated,True,,Internship,,Mechanical Design,"Needham, MA, United States",unknown,23,,SolidWorks; Creo; CAD,2026-09-17T11:22:49-04:00,exact,2026-09-17T17:13:31Z,https://job-boards.greenhouse.io/sharkninjaoperatingllc/jobs/4713810006
SharkNinja,Mechanical Engineering Intern Opportunities,Not stated,True,,Internship,,Mechanical Design,"Needham, MA, United States",unknown,23,,Python; SolidWorks; Creo; CAD,2026-09-17T11:25:56-04:00,exact,2026-09-17T17:13:31Z,https://job-boards.greenhouse.io/sharkninjaoperatingllc/jobs/4713812006
Crane Co.,Quality Engineer Intern,Not stated,True,,Internship,,Manufacturing & Quality,"Marion, North Carolina",unknown,12,,Six Sigma; Lean Manufacturing,2026-09-17T00:00:00Z,date_only,2026-09-17T21:37:19Z,https://cranecompany.wd5.myworkdayjobs.com/Careers/job/Marion-North-Carolina/Quality-Engineer-Intern_JR102564
RTX,Industrial Engineering Co-Op (Summer/Fall 2027),Summer 2027,False,,Co-op,,Manufacturing & Quality,US-IA-CEDAR RAPIDS-108 ~ 400 Collins Rd NE ~ BLDG 108,citizens-only,,,SolidWorks; AutoCAD; CAD,2026-09-17T00:00:00Z,date_only,2026-09-17T17:13:31Z,https://globalhr.wd5.myworkdayjobs.com/rec_rtx_ext_gateway/job/US-IA-CEDAR-RAPIDS-108--400-Collins-Rd-NE--BLDG-108/Industrial-Engineering-Co-Op--Summer-Fall-2027-_01870637
RTX,Flight Controls Systems Engineering Intern (Summer 2027) - Onsite,Summer 2027,False,,Internship,,Controls & Mechatronics,US-IA-CEDAR RAPIDS-193 ~ 1120 Collins Rd NE ~ BLDG193,citizens-only,,,MATLAB; Simulink,2026-09-17T00:00:00Z,date_only,2026-09-18T05:00:42Z,https://globalhr.wd5.myworkdayjobs.com/rec_rtx_ext_gateway/job/US-IA-CEDAR-RAPIDS-193--1120-Collins-Rd-NE--BLDG193/Flight-Controls-Systems-Engineering-Intern--Summer-2027----Onsite_01871091
RTX,Flight Controls Systems Intern (Summer 2027) - Onsite,Summer 2027,False,,Internship,,Controls & Mechatronics,US-IA-CEDAR RAPIDS-193 ~ 1120 Collins Rd NE ~ BLDG193,citizens-only,,,MATLAB; Simulink,2026-09-17T00:00:00Z,date_only,2026-09-18T11:34:35Z,https://globalhr.wd5.myworkdayjobs.com/rec_rtx_ext_gateway/job/US-IA-CEDAR-RAPIDS-193--1120-Collins-Rd-NE--BLDG193/Flight-Controls-Systems-Intern--Summer-2027----Onsite_01871125
IDEX,Design Engineering Co-Op (Biopharma),Not stated,True,,Co-op,,Mechanical Design,"Cedar Falls, Iowa",unknown,2,,SolidWorks; CAD,2026-09-17T00:00:00Z,date_only,2026-09-17T17:13:31Z,https://idexcorp.wd5.myworkdayjobs.com/idex_careers/job/Cedar-Falls-Iowa/Design-Engineering-Co-Op--Biopharma-_R-09909
IDEX,Manufacturing Engineering Co-Op,Not stated,True,,Co-op,,Manufacturing & Quality,"Cedar Falls, Iowa",unknown,2,,CAD,2026-09-17T00:00:00Z,date_only,2026-09-17T17:13:31Z,https://idexcorp.wd5.myworkdayjobs.com/idex_careers/job/Cedar-Falls-Iowa/Manufacturing-Engineering-Co-Op_R-09910
LabCorp,Intern – Network Infrastructure & Automation Engineering,Not stated,True,,Internship,,Controls & Mechatronics,Durham NC,no-sponsorship,,,Python; Linux; Git,2026-09-17T00:00:00Z,date_only,2026-09-17T21:37:19Z,https://labcorp.wd1.myworkdayjobs.com/external/job/Durham-NC/Intern---Network-Infrastructure---Automation-Engineering_2632795
Lowe's,Store Operations Industrial Engineering – Undergrad Internship – Summer 2027,Summer 2027,False,,Internship,,Manufacturing & Quality,"Mooresville, NC (SSC) 1999",unknown,,,,2026-09-17T00:00:00Z,date_only,2026-09-17T21:37:19Z,https://lowes.wd5.myworkdayjobs.com/LWS_External_CS/job/Mooresville-NC-SSC-1999/Store-Operations-Industrial-Engineering---Undergrad-Internship---Summer-2027_JR-02651868-1
nVent,Electrical/Controls Engineering Co-Op,Not stated,True,,Co-op,,Controls & Mechatronics,"Anoka, MN, US",unknown,6,,,2026-09-17T00:00:00Z,date_only,2026-09-17T21:37:19Z,https://nvent.wd5.myworkdayjobs.com/nVent/job/Anoka-MN-US/Electrical-Controls-Engineering-Co-Op_R23626
nVent,Electrical/Controls Engineering Intern (June - August 2027),Summer 2027,False,,Internship,,Controls & Mechatronics,"Anoka, MN, US",unknown,6,,,2026-09-17T00:00:00Z,date_only,2026-09-17T21:37:19Z,https://nvent.wd5.myworkdayjobs.com/nVent/job/Anoka-MN-US/Electrical-Controls-Engineering-Intern--June---August-2027-_R23646
Smith+Nephew,Intern Mechanical Engineering,Summer 2027,False,,Internship,,Mechanical Design,"Pittsburgh, PA",unknown,77,,SolidWorks; GD&T,2026-09-17T00:00:00Z,date_only,2026-09-17T05:08:44Z,https://smithnephew.wd5.myworkdayjobs.com/External/job/Pittsburgh-PA/Intern-Mechanical-Engineering_R92508
X-energy,Mechanical Engineering Internship - Summer 2027,Summer 2027,False,,Internship,,Mechanical Design,"Rockville, MD",unknown,3,$25/hr,SolidWorks; Siemens NX; CAD; ANSYS; Abaqus; Nastran; FEA; CFD,2026-09-17T00:00:00Z,date_only,2026-09-17T17:13:31Z,https://xenergy.wd5.myworkdayjobs.com/X-energyUS/job/Rockville-MD/Mechanical-Engineering-Internship---Summer-2027_R101319-1
X-energy,Test Engineering Internship - Summer 2027,Summer 2027,False,,Internship,,Test & Validation,"Rockville, MD",unknown,3,$25/hr,,2026-09-17T00:00:00Z,date_only,2026-09-17T17:13:31Z,https://xenergy.wd5.myworkdayjobs.com/X-energyUS/job/Rockville-MD/Test-Engineering-Internship---Summer-2027_R101320-1
Contoro,Robotics Engineer Intern - Test & Validation,Not stated,True,,Internship,,Controls & Mechatronics,"Austin, TX",unknown,,,Linux,2026-09-16T17:35:48.287+00:00,exact,2026-09-16T21:30:44Z,https://jobs.ashbyhq.com/contoro/cf7c8043-8fbe-4c7e-b91f-ee6db2a616c5
Rendezvous Robotics,GNC Intern (Summer 2027),Summer 2027,False,,Internship,,Controls & Mechatronics,"Golden, CO",citizens-only,,,Python; C++; MATLAB; Simulink; Git,2026-09-16T13:47:48-04:00,exact,2026-09-16T21:30:44Z,https://job-boards.greenhouse.io/rendezvousrobotics/jobs/4408587009
Rendezvous Robotics,Mechanical Engineering Intern (Summer 2027),Summer 2027,False,,Internship,,Mechanical Design,"Golden, CO",citizens-only,,,SolidWorks; Siemens NX; CAD; ANSYS; FEA,2026-09-16T13:56:30-04:00,exact,2026-09-16T21:30:44Z,https://job-boards.greenhouse.io/rendezvousrobotics/jobs/4408601009
Rocket Lab,Manufacturing Engineering Intern Summer 2027,Summer 2027,False,,Internship,,Manufacturing & Quality,"Long Beach, CA",citizens-only,,,SolidWorks; Siemens NX; CAD; GD&T; ANSYS; FEA; CNC; CAM,2026-09-16T15:02:36-04:00,exact,2026-09-16T21:30:44Z,https://job-boards.greenhouse.io/rocketlab/jobs/7984564003
Rocket Lab,Propulsion Analyst Intern Summer 2027,Summer 2027,False,,Internship,,"Thermal, Fluids & Propulsion","Long Beach, CA",citizens-only,,,Python; MATLAB; SolidWorks; Siemens NX; CAD; ANSYS; FEA; CFD,2026-09-16T15:03:06-04:00,exact,2026-09-16T21:30:44Z,https://job-boards.greenhouse.io/rocketlab/jobs/7986820003
Rocket Lab,Manufacturing Engineering Intern Summer 2027,Summer 2027,False,,Internship,,Manufacturing & Quality,"Middle River, MD",citizens-only,,,CAD; CAM,2026-09-16T16:41:44-04:00,exact,2026-09-16T21:30:44Z,https://job-boards.greenhouse.io/rocketlab/jobs/7988835003
Rocket Lab,Mechanical Engineering Intern Summer 2027,Summer 2027,False,,Internship,,Mechanical Design,"Silver Spring, MD",citizens-only,,,Python; SolidWorks; CAD; GD&T; CAM,2026-09-16T15:03:48-04:00,exact,2026-09-16T21:30:44Z,https://job-boards.greenhouse.io/rocketlab/jobs/7989904003
Acron Aviation,Manufacturing Engineer Intern - Grand Rapids Site,Not stated,True,,Internship,,Manufacturing & Quality,"Grand Rapids, MI",unknown,,,SolidWorks; AutoCAD; CAD; Lean Manufacturing,2026-09-16T21:44:50Z,exact,2026-09-17T05:08:44Z,https://jobs.lever.co/acronaviation/2893b51b-c93c-4875-9912-1292ab0f4926
Texas Instruments,Smart Manufacturing and Automation Intern,Not stated,True,,Internship,,Manufacturing & Quality,"Dallas, TX, United States",no-sponsorship,234,,Python; SQL; PyTorch; TensorFlow; scikit-learn; LLMs; Git,2026-09-16,date_only,2026-09-16T05:03:11Z,https://edbz.fa.us2.oraclecloud.com/hcmUI/CandidateExperience/en/sites/CX_1/job/25017994
Duracell,PS Manufacturing - Engineering Intern Spring/Summer 2027,Summer 2027,False,,Internship,,Manufacturing & Quality,"Cleveland, TN, United States",unknown,3,,SolidWorks; AutoCAD,2026-09-16,date_only,2026-09-16T17:14:51Z,https://fa-ewub-saasfaprod1.fa.ocs.oraclecloud.com/hcmUI/CandidateExperience/en/sites/CX_26/job/1399
Duracell,PS Manufacturing -Engineering Co-Op-2027,Summer 2027,False,,Co-op,,Manufacturing & Quality,"Cleveland, TN, United States",unknown,3,,,2026-09-16,date_only,2026-09-16T17:14:51Z,https://fa-ewub-saasfaprod1.fa.ocs.oraclecloud.com/hcmUI/CandidateExperience/en/sites/CX_26/job/1400
Emerson Electric,Mechanical Engineering Co-op (Summer 2027),Summer 2027,False,,Co-op,,Mechanical Design,"Elyria, OH, United States",unknown,8,,CAD; FEA,2026-09-16,date_only,2026-09-16T21:30:44Z,https://hdjq.fa.us2.oraclecloud.com/hcmUI/CandidateExperience/en/sites/CX_1/job/26011001
AECOM,Mechanical Engineering Intern – Hiring Event with AECOM – New York City,Summer 2027,False,,Internship,,Mechanical Design,"New York, NY, United States",unknown,246,,AutoCAD,2026-09-16T16:11:50.613Z,exact,2026-09-16T17:14:51Z,https://jobs.smartrecruiters.com/AECOM2/744000149913009
Avery Dennison,RFID New Product Development Engineering Intern Summer 2027,Summer 2027,False,,Internship,,Mechanical Design,"Fletcher, NC, United States",no-sponsorship,26,$25.5–$29/hr,Python; C#; CNC,2026-09-16T14:56:56.340Z,exact,2026-09-16T17:14:51Z,https://jobs.smartrecruiters.com/AveryDennison/744000149895029
ABB,Quality Engineering Intern - Summer 2027,Summer 2027,False,,Internship,,Manufacturing & Quality,"New Berlin, Wisconsin, United States of America",no-sponsorship,69,$20–$34/hr,,2026-09-16T00:00:00Z,date_only,2026-09-16T21:30:44Z,https://abb.wd3.myworkdayjobs.com/external_career_page/job/New-Berlin-Wisconsin-United-States-of-America/Quality-Engineering-Intern---Summer-2027_JR00047273
Bass Pro Shops,Advanced Manufacturing Intern Summer 2027,Summer 2027,False,,Internship,,Manufacturing & Quality,"Springfield, MO (Bass Pro Shops Base Camp)",unknown,,,,2026-09-16T00:00:00Z,date_only,2026-09-18T05:00:42Z,https://basspro.wd1.myworkdayjobs.com/careers/job/Springfield-MO-Bass-Pro-Shops-Base-Camp/Advanced-Manufacturing-Intern-Summer-2027_R267458
Teledyne,EADSIM MBSE Intern (Summer 2027),Summer 2027,False,,Internship,,Systems Engineering,"US - Huntsville, AL",citizens-only,5,,Git,2026-09-16T00:00:00Z,date_only,2026-09-16T17:14:51Z,https://flir.wd1.myworkdayjobs.com/flircareers/job/US---Huntsville-AL/EADSIM-MBSE-Intern--Summer-2027-_REQ36670-1
Insulet Corporation,"Co-op, R&D Mechanical Engineering: January - June 2027 (Hybrid)",Summer 2027,False,,Co-op,,Mechanical Design,"Acton, Massachusetts",unknown,46,,MATLAB; SolidWorks; CAD; ANSYS,2026-09-16T00:00:00Z,date_only,2026-09-16T21:30:44Z,https://insulet.wd5.myworkdayjobs.com/insuletcareers/job/Acton-Massachusetts/Co-op--R-D-Mechanical-Engineering--January---June-2027--Hybrid-_REQ-2026-18007
Lonza,"Summer 2027 Manufacturing, Science & Technology Internship",Summer 2027,False,,Internship,,Manufacturing & Quality,"US - Portsmouth, NH",unknown,23,,,2026-09-16T00:00:00Z,date_only,2026-09-16T17:14:51Z,https://lonza.wd3.myworkdayjobs.com/lonza_careers/job/US---Portsmouth-NH/Summer-2026-Manufacturing--Science---Technology-Internship_R79570
Magna International,Automation Engineering Co-Op,Not stated,True,,Co-op,,Controls & Mechatronics,"Northwood, Ohio, US",unknown,141,,,2026-09-16T00:00:00Z,date_only,2026-09-16T17:14:51Z,https://magna.wd3.myworkdayjobs.com/Magna/job/Northwood-Ohio-US/Automation-Engineering-Co-Op_R00261906
Masco,Hardware Test Engineering Co-op,Not stated,True,,Co-op,,Test & Validation,US - Indiana - Indianapolis,unknown,,,,2026-09-16T00:00:00Z,date_only,2026-09-16T21:30:44Z,https://masco.wd1.myworkdayjobs.com/Masco/job/US---Indiana---Indianapolis/Hardware-Engineering-Co-op--Electrical-Engineering-_REQ54344-2
Sensata,Mechanical Engineer Intern (Aerospace) - Summer 2027,Summer 2027,False,,Internship,,Mechanical Design,"Thousand Oaks, CA",citizens-only,24,,,2026-09-16T00:00:00Z,date_only,2026-09-16T21:30:44Z,https://sensata.wd1.myworkdayjobs.com/Sensata-Careers/job/Thousand-Oaks-CA/Mechanical-Engineer-Intern--Aerospace----Summer-2027_IRC98482
Sensata,Mechanical Engineer Intern (Aerospace) - Summer 2027,Summer 2027,False,,Internship,,Mechanical Design,"Vista, CA",citizens-only,24,,,2026-09-16T00:00:00Z,date_only,2026-09-16T21:30:44Z,https://sensata.wd1.myworkdayjobs.com/Sensata-Careers/job/Vista-CA/Mechanical-Engineer-Intern--Aerospace----Summer-2027_IRC98483
Sonoco,Manufacturing Internship,Not stated,True,,Internship,,Manufacturing & Quality,"Hartselle, AL, USA",unknown,4,,,2026-09-16T00:00:00Z,date_only,2026-09-16T17:14:51Z,https://sonoco.wd1.myworkdayjobs.com/CorporateCareers/job/Hartselle-AL-USA/Manufacturing-Internship_JR-159794
Sonoco,Mechanical Internship,Not stated,True,,Internship,,Mechanical Design,"Hartselle, AL, USA",unknown,4,,,2026-09-16T00:00:00Z,date_only,2026-09-16T17:14:51Z,https://sonoco.wd1.myworkdayjobs.com/CorporateCareers/job/Hartselle-AL-USA/Mechanical-Internship_JR-159771
Sonoco,Manufacturing Internship,Not stated,True,,Internship,,Manufacturing & Quality,"Jefferson, TX, USA",unknown,4,,,2026-09-16T00:00:00Z,date_only,2026-09-16T17:14:51Z,https://sonoco.wd1.myworkdayjobs.com/CorporateCareers/job/Jefferson-TX-USA/Manufacturing-Internship_JR-159774
Terex,Design Engineer Intern,Not stated,True,,Internship,,Mechanical Design,US-SD Watertown,unknown,,,SolidWorks; CAD; Lean Manufacturing,2026-09-16T00:00:00Z,date_only,2026-09-16T21:30:44Z,https://terex.wd1.myworkdayjobs.com/terexcareers/job/US-SD-Watertown/Design-Engineer-Intern_REQ-14324
Terex,Manufacturing Engineer Intern,Not stated,True,,Internship,,Manufacturing & Quality,US-SD Watertown,unknown,,$22–$26/hr,SolidWorks; AutoCAD; CAD; GD&T,2026-09-16T00:00:00Z,date_only,2026-09-16T21:30:44Z,https://terex.wd1.myworkdayjobs.com/terexcareers/job/US-SD-Watertown/Manufacturing-Engineer-Intern_REQ-14323
Thermo Fisher Scientific,Manufacturing Engineering Co-op,Not stated,True,,Co-op,,Manufacturing & Quality,"Marietta, Ohio, USA",unknown,368,,,2026-09-16T00:00:00Z,date_only,2026-09-16T17:14:51Z,https://thermofisher.wd5.myworkdayjobs.com/ThermoFisherCareers/job/Marietta-Ohio-USA/Manufacturing-Engineering-Co-op_R-01366628
Lightship RV,Manufacturing Engineering Intern/Co-Op,Not stated,True,,Internship / Co-op,,Manufacturing & Quality,"Broomfield, CO",unknown,,28–30 USD/hr,CAD,2026-09-15T20:46:53Z,exact,2026-09-15T21:34:26Z,https://jobs.lever.co/lightship/27f49b68-6a5c-4a3a-a114-5487feb3add2
Talentpluto,Design Engineering Intern,Not stated,True,,Internship,yes,Mechanical Design,United States (Remote),unknown,,$35–$50/hr,TypeScript; React; Next.js,2026-09-15T00:00:00.000Z,date_only,2026-09-17T17:13:31Z,https://apply.workable.com/talentpluto/j/441A17F2A4/
BorgWarner,Mechanical Engineering Co-op – Engine Solenoids,Not stated,True,,Co-op,,Mechanical Design,Auburn Hills - Michigan - USA,offers,4,,CAD,2026-09-15T00:00:00Z,date_only,2026-09-15T17:13:55Z,https://borgwarner.wd5.myworkdayjobs.com/BorgWarner_Careers/job/Auburn-Hills---Michigan---USA/Mechanical-Engineering-Co-op---Engine-Solenoids_R2026-3583
Brunswick,Mercury Marine: Industrial Engineer Intern,Summer 2027,False,,Internship,,Manufacturing & Quality,"Brownsburg, IN",unknown,54,$18–$27.5/hr,,2026-09-15T00:00:00Z,date_only,2026-09-15T21:34:26Z,https://brunswick.wd1.myworkdayjobs.com/search/job/Brownsburg-IN/Mercury-Marine--Industrial-Engineer-Intern_JR-051584
Campbellsoup,Packaging Engineer Co-Op,Not stated,True,,Co-op,,Mechanical Design,USA - NJ - Camden,no-sponsorship,,,,2026-09-15T00:00:00Z,date_only,2026-09-15T21:34:26Z,https://campbellsoup.wd5.myworkdayjobs.com/externalcareers_globalsite/job/USA---NJ---Camden/Packaging-Engineer-Co-Op_Req-68221
DigiKey,Industrial Engineering Intern,Not stated,True,,Internship,,Manufacturing & Quality,"Thief River Falls, MN",no-sponsorship,,,,2026-09-15T00:00:00Z,date_only,2026-09-15T17:13:55Z,https://digikey.wd5.myworkdayjobs.com/digi-key/job/Thief-River-Falls-MN/Industrial-Engineering-Intern_R5775
Everest,2027 Everest Design Engineering Internship Program,Summer 2027,False,,Internship,,Mechanical Design,"Warren, NJ",unknown,,,,2026-09-15T00:00:00Z,date_only,2026-09-16T05:03:11Z,https://everestre.wd5.myworkdayjobs.com/careers/job/Warren-NJ/XMLNAME-2027-Everest-Design-Engineering-Internship-Program_R7401
Graco,CNC Machinist Intern,Not stated,True,,Internship,,Manufacturing & Quality,"Dayton, Minnesota, USA (French Lake)",no-sponsorship,,,CNC,2026-09-15T00:00:00Z,date_only,2026-09-15T17:13:55Z,https://graco.wd501.myworkdayjobs.com/Graco_Careers/job/Dayton-Minnesota-USA-French-Lake/CNC-Machinist-Intern_R0022988
Johnson & Johnson,Mechatronics & Systems Integration Intern - R&D,Summer 2027,False,,Internship,,Controls & Mechatronics,"Santa Clara, California, United States of America",unknown,8,$32/hr,Python; C++,2026-09-15T00:00:00Z,date_only,2026-09-15T17:13:55Z,https://jj.wd5.myworkdayjobs.com/JJ/job/Santa-Clara-California-United-States-of-America/Mechatronics---Systems-Integration-Intern---R-D_R-099833
Micron Technology,Intern - HBM SoC Physical Design Engineer,Not stated,True,,Internship,,Mechanical Design,"Folsom, CA",unknown,489,,Python; Bash; LLMs,2026-09-15T00:00:00Z,date_only,2026-09-15T17:13:55Z,https://micron.wd1.myworkdayjobs.com/External/job/Folsom-CA/Intern---HBM-SoC-Physical-Design-Engineer_JR111041
Micron Technology,"Intern - Design Engineer, HBM",Not stated,True,,Internship,,Mechanical Design,"Richardson, TX",unknown,489,,Verilog,2026-09-15T00:00:00Z,date_only,2026-09-15T17:13:55Z,https://micron.wd1.myworkdayjobs.com/External/job/Richardson-TX/Intern---Design-Engineer--HBM_JR110452
Moog,"Intern, Mechanical Engineering",Fall 2026,False,,Internship,,Mechanical Design,"Torrance, CA",unknown,2,,,2026-09-15T00:00:00Z,date_only,2026-09-15T17:13:55Z,https://moog.wd5.myworkdayjobs.com/moog_external_career_site/job/Torrance-CA/Intern--Mechanical-Engineering_R-26-19918-1
Moog,"Intern, Test Equipment Sustainment",Not stated,True,,Internship,,Test & Validation,"Torrance, CA",unknown,2,,,2026-09-15T00:00:00Z,date_only,2026-09-15T21:34:26Z,https://moog.wd5.myworkdayjobs.com/moog_external_career_site/job/Torrance-CA/Intern--Test-Equipment-Sustainment_R-26-19821
Northrop Grumman,2027 Industrial Engineering  Intern - Roy UT,Summer 2027,False,,Internship,,Manufacturing & Quality,United States-Utah-Ogden,citizens-only,,$23–$29/hr,,2026-09-15T00:00:00Z,date_only,2026-09-15T17:13:55Z,https://ngc.wd1.myworkdayjobs.com/Northrop_Grumman_External_Site/job/United-States-Utah-Ogden/XMLNAME-2027-Industrial-Engineering--Intern---Roy-UT_R10250883
Philips,"Intern – New Product Development Engineer – Colorado Springs, CO – Summer 2027",Summer 2027,False,,Internship,,Mechanical Design,"Colorado Springs, Colorado, United States",unknown,,,CAD,2026-09-15T00:00:00Z,date_only,2026-09-16T05:03:11Z,https://philips.wd3.myworkdayjobs.com/jobs-and-careers/job/Colorado-Springs-Colorado-United-States/Intern---New-Product-Development-Engineer---Colorado-Springs--CO---Summer-2027_591779
Philips,"Co-op - Mechanical Engineering Technician - Latham, NY - January-June 2027",Summer 2027,False,,Co-op,,Mechanical Design,"Latham, New York, United States",unknown,,,,2026-09-15T00:00:00Z,date_only,2026-09-16T05:03:11Z,https://philips.wd3.myworkdayjobs.com/jobs-and-careers/job/Latham-New-York-United-States/Co-op---Mechanical-Engineering-Technician---Latham--NY---January-June-2027_590339
TreeHouse Foods,Packaging Engineer Co-Op 2027,Summer 2027,False,,Co-op,,Mechanical Design,USA-IL Oak Brook,unknown,,$23–$24/hr,,2026-09-15T00:00:00Z,date_only,2026-09-15T21:34:26Z,https://treehouse.wd1.myworkdayjobs.com/TreeHouseCareers/job/USA-IL-Oak-Brook/Packaging-Engineer-Co-Op-2027_R30987
TreeHouse Foods,Packaging Engineer Co-Op 2027,Summer 2027,False,,Co-op,,Mechanical Design,USA-IL Oak Brook,unknown,,$23–$24/hr,,2026-09-15T00:00:00Z,date_only,2026-09-15T21:34:26Z,https://treehouse.wd1.myworkdayjobs.com/TreeHouseCareers/job/USA-IL-Oak-Brook/Packaging-Engineer-Co-Op-2027_R30988
The Toro Company,Test Engineering Intern - Ditch Witch,Summer 2027,False,,Internship,,Test & Validation,"Perry, OK",no-sponsorship,2,,,2026-09-15T00:00:00Z,date_only,2026-09-15T21:34:26Z,https://ttc.wd1.myworkdayjobs.com/Toro_External_Careers/job/Perry-OK/Test-Engineering-Intern---Ditch-Witch_JR17320
Woodward Governor,"Engineering Co-op - Design Engineering | Zeeland, MI (Summer 2027)",Summer 2027,False,,Co-op,,Mechanical Design,"Zeeland, MI, US",citizens-only,,,,2026-09-15T00:00:00Z,date_only,2026-09-15T17:13:55Z,https://woodward.wd5.myworkdayjobs.com/woodward/job/Zeeland-MI-US/Engineering-Co-op---Design-Engineering---Zeeland--MI--Summer-2027-_JR112252
Woodward Governor,"Engineering Co-op - Manufacturing Engineering | Zeeland, MI (Summer 2027)",Summer 2027,False,,Co-op,,Manufacturing & Quality,"Zeeland, MI, US",unknown,,,,2026-09-15T00:00:00Z,date_only,2026-09-15T17:13:55Z,https://woodward.wd5.myworkdayjobs.com/woodward/job/Zeeland-MI-US/Engineering-Co-op---Manufacturing-Engineering---Zeeland--MI--Summer-2027-_JR112088
Bedrock Robotics,"Internship 2027 Hardware Engineer, Machine Integration & Test",Summer 2027,False,,Internship,,Test & Validation,"San Francisco, CA",unknown,,,SolidWorks; CAD,2026-09-14T13:25:41.084+00:00,exact,2026-09-14T22:01:23Z,https://jobs.ashbyhq.com/bedrock-robotics/c9c08251-6a42-4f9c-be4d-2621995cc8f9
Anduril,2027 Manufacturing Optimization Engineer Intern,Summer 2027,False,,Internship,,Manufacturing & Quality,"Ashville, Ohio, United States",unknown,,,Computer Vision,2026-09-14T15:30:12-04:00,exact,2026-09-14T22:01:23Z,https://boards.greenhouse.io/andurilindustries/jobs/5236893007?gh_jid=5236893007
Lexington Medical,Mechanical Engineering Co-Op,Not stated,True,,Co-op,,Mechanical Design,"Bedford, MA",unknown,3,,CAD; GD&T,2026-09-14T08:53:34-04:00,exact,2026-09-14T13:07:41Z,https://job-boards.greenhouse.io/lexingtonmedical/jobs/5423105008
Emerson Electric,Mechanical Engineering Co-Op,Not stated,True,,Co-op,,Mechanical Design,"Eden Prairie, MN, United States",unknown,8,,MATLAB; SolidWorks; CAD; GD&T; ANSYS; FEA,2026-09-14,date_only,2026-09-14T22:01:23Z,https://hdjq.fa.us2.oraclecloud.com/hcmUI/CandidateExperience/en/sites/CX_1/job/26010051
RESPEC,Student Structural BIM Technician Intern (Rapid City),Not stated,True,,Internship,,Structures & FEA,"Rapid City, SD, United States",unknown,,,AutoCAD,2026-09-14T19:33:23.332Z,exact,2026-09-14T22:01:23Z,https://jobs.smartrecruiters.com/RESPECInc/744000149419399
RESPEC,"Student Structural BIM Technician Intern (Denver, Loveland, & Sioux Falls)",Not stated,True,,Internship,,Structures & FEA,"Denver, CO, United States",unknown,,,AutoCAD,2026-09-14T19:44:09.587Z,exact,2026-09-14T22:01:23Z,https://jobs.smartrecruiters.com/RESPECInc/744000149420667
RESPEC,Student Engineering Intern (Structural),Not stated,True,,Internship,,Structures & FEA,"Rapid City, SD, United States",unknown,,,AutoCAD,2026-09-14T20:26:52.343Z,exact,2026-09-14T22:01:23Z,https://jobs.smartrecruiters.com/RESPECInc/744000149427190
RESPEC,Student Engineering Intern (Structural),Not stated,True,,Internship,,Structures & FEA,"Brookings, SD, United States",unknown,,,AutoCAD,2026-09-14T20:34:32.808Z,exact,2026-09-14T22:01:23Z,https://jobs.smartrecruiters.com/RESPECInc/744000149430049
RESPEC,Student Engineering Intern (Structural),Not stated,True,,Internship,,Structures & FEA,"Sioux Falls, SD, United States",unknown,,,AutoCAD,2026-09-14T21:48:40.534Z,exact,2026-09-14T22:01:23Z,https://jobs.smartrecruiters.com/RESPECInc/744000149447560
Allegion,Summer Intern - Manufacturing Engineering,Not stated,True,,Internship,,Manufacturing & Quality,"Mount Comfort, IN",unknown,,,Python; SolidWorks; Creo; AutoCAD; CAD; CNC; Lean Manufacturing,2026-09-14T00:00:00Z,date_only,2026-09-14T22:01:23Z,https://allegion.wd5.myworkdayjobs.com/careers/job/Mount-Comfort-IN/Summer-Intern---Manufacturing-Engineering_JR37650-1
Allegion,Summer Intern - Mechanical Engineer,Not stated,True,,Internship,,Mechanical Design,"Mount Comfort, IN",unknown,,,Creo; CAD,2026-09-14T00:00:00Z,date_only,2026-09-14T22:01:23Z,https://allegion.wd5.myworkdayjobs.com/careers/job/Mount-Comfort-IN/Summer-Intern---Mechanical-Engineer_JR37495-1
Bass Pro Shops,CAD Technician Co-Op,Not stated,True,,Co-op,,Mechanical Design,"Springfield, MO (Tracker Marine Base Camp)",unknown,,,CAD; CATIA; GD&T; CNC,2026-09-14T00:00:00Z,date_only,2026-09-18T05:00:42Z,https://basspro.wd1.myworkdayjobs.com/careers/job/Springfield-MO-Tracker-Marine-Base-Camp/CAD-Technician-Co-Op_R267058-1
Bass Pro Shops,Product Validation Engineer Co-Op,Not stated,True,,Co-op,,Test & Validation,"Springfield, MO (Tracker Marine Base Camp)",unknown,,,,2026-09-14T00:00:00Z,date_only,2026-09-18T05:00:42Z,https://basspro.wd1.myworkdayjobs.com/careers/job/Springfield-MO-Tracker-Marine-Base-Camp/Product-Validation-Engineer-Co-Op_R267057
The Walt Disney Company,"Disneyland Resort Industrial Engineering Intern, Summer 2027",Summer 2027,False,,Internship,,Manufacturing & Quality,"Anaheim, CA, USA",unknown,2,$32/hr,,2026-09-14T00:00:00Z,date_only,2026-09-14T13:07:41Z,https://disney.wd5.myworkdayjobs.com/disneycareer/job/Anaheim-CA-USA/Disneyland-Resort-Industrial-Engineering-Intern--Summer-2027_10159978-1
The Walt Disney Company,"Walt Disney World Industrial Engineering Intern, Summer/Fall 2027",Summer 2027,False,,Internship,,Manufacturing & Quality,"Lake Buena Vista, FL, USA",unknown,2,$32/hr,,2026-09-14T00:00:00Z,date_only,2026-09-14T13:07:41Z,https://disney.wd5.myworkdayjobs.com/disneycareer/job/Lake-Buena-Vista-FL-USA/Walt-Disney-World-Industrial-Engineering-Intern--Summer-Fall-2027_10159994-1
Zurn Elkay Water Solutions,Industrial Engineering Intern (Summer 2027),Summer 2027,False,,Internship,,Manufacturing & Quality,"Freeport, IL",unknown,,$19.5–$21.5/hr,AutoCAD,2026-09-14T00:00:00Z,date_only,2026-09-14T22:01:23Z,https://elkay.wd1.myworkdayjobs.com/Elkay_External/job/Freeport-IL/Industrial-Engineering-Intern--Summer-2027-_REQ-020073
Zurn Elkay Water Solutions,Industrial Engineering Intern (Summer 2027),Summer 2027,False,,Internship,,Manufacturing & Quality,"Lanark, IL",unknown,,$19.5–$21.5/hr,AutoCAD,2026-09-14T00:00:00Z,date_only,2026-09-14T22:01:23Z,https://elkay.wd1.myworkdayjobs.com/Elkay_External/job/Lanark-IL/Industrial-Engineering-Intern--Summer-2027-_REQ-020075
Zurn Elkay Water Solutions,Manufacturing Engineering Intern (Summer 2027),Summer 2027,False,,Internship,,Manufacturing & Quality,"Lanark, IL",unknown,,$19.5–$21.5/hr,AutoCAD,2026-09-14T00:00:00Z,date_only,2026-09-14T22:01:23Z,https://elkay.wd1.myworkdayjobs.com/Elkay_External/job/Lanark-IL/Manufacturing-Engineering-Intern--Summer-2027-_REQ-020074
General Motors,2027 Summer Intern – Motorsports Aerodynamics,Summer 2027,False,,Internship,,"Thermal, Fluids & Propulsion","Concord, North Carolina, United States of America",unknown,928,,CAD; CFD; Computer Vision,2026-09-14T00:00:00Z,date_only,2026-09-14T22:01:23Z,https://generalmotors.wd5.myworkdayjobs.com/Careers_GM/job/Concord-North-Carolina-United-States-of-America/XMLNAME-2027-Summer-Intern---Motorsports-Aerodynamics_JR-202620069
General Motors,2027 Summer Inter - Supplier Quality Intern,Summer 2027,False,,Internship,,Manufacturing & Quality,"Warren, Michigan, United States of America",unknown,928,,GD&T; Six Sigma; Lean Manufacturing,2026-09-14T00:00:00Z,date_only,2026-09-14T22:01:23Z,https://generalmotors.wd5.myworkdayjobs.com/Careers_GM/job/Warren-Michigan-United-States-of-America/XMLNAME-2027-Summer-Inter---Supplier-Quality-Intern_JR-202619692
RTX,Mechanical Design – Hot Section Engineering Intern (Summer 2027) (Onsite),Summer 2027,False,,Internship,,Mechanical Design,"US-OK-OKLAHOMA CITY-8120SC ~ 8120 S Air Depot Blvd ~ SUSTAINMENT CTR, Dock 18",citizens-only,,,,2026-09-14T00:00:00Z,date_only,2026-09-14T22:01:23Z,https://globalhr.wd5.myworkdayjobs.com/rec_rtx_ext_gateway/job/US-OK-OKLAHOMA-CITY-8120SC--8120-S-Air-Depot-Blvd--SUSTAINMENT-CTR-Dock-18/Mechanical-Design---Hot-Section-Engineering-Intern--Summer-2027---Onsite-_01871721
Johnson & Johnson,Mechanical Engineering Intern - Robotics R&D,Summer 2027,False,,Internship,,Mechanical Design,"Santa Clara, California, United States of America",no-sponsorship,8,$32/hr,CAD,2026-09-14T00:00:00Z,date_only,2026-09-14T22:01:23Z,https://jj.wd5.myworkdayjobs.com/JJ/job/Santa-Clara-California-United-States-of-America/Mechanical-Engineering-Intern---Robotics-R-D_R-099647-1
Johnson & Johnson,Co-Op Automation Engineer,Not stated,True,,Co-op,,Controls & Mechatronics,"Wilson, North Carolina, United States of America",unknown,8,,,2026-09-14T00:00:00Z,date_only,2026-09-15T05:08:21Z,https://jj.wd5.myworkdayjobs.com/JJ/job/Wilson-North-Carolina-United-States-of-America/Co-Op-Automation-Engineer_R-096697-1
LabCorp,Intern - Mechanical Engineer,Not stated,True,,Internship,,Mechanical Design,Bloomfield CT,no-sponsorship,,$23–$28/hr,SolidWorks; CAD,2026-09-14T00:00:00Z,date_only,2026-09-15T05:08:21Z,https://labcorp.wd1.myworkdayjobs.com/external/job/Bloomfield-CT/Intern---Mechanical-Engineer_2632739-1
Micron Technology,"Intern - PHY Digital Design & Automation Engineer, HBM",Not stated,True,,Internship,,Controls & Mechatronics,"Richardson, TX",unknown,489,,Python; C++; LLMs; Linux; Verilog,2026-09-14T00:00:00Z,date_only,2026-09-14T22:01:23Z,https://micron.wd1.myworkdayjobs.com/External/job/Richardson-TX/Intern---PHY-Digital-Design---Automation-Engineer--HBM_JR110641
Northrop Grumman,2027 Guidance Navigation and Control Intern - Dulles VA,Summer 2027,False,,Internship,,Controls & Mechatronics,United States-Virginia-Dulles,citizens-only,,,C++; MATLAB; Simulink; Git,2026-09-14T00:00:00Z,date_only,2026-09-14T22:01:23Z,https://ngc.wd1.myworkdayjobs.com/Northrop_Grumman_External_Site/job/United-States-Virginia-Dulles/XMLNAME-2027-Guidance-Navigation-and-Control-Intern---Dulles-VA_R10250744-1
nVent,Manufacturing Engineering Co-op (January - June 2027),Summer 2027,False,,Co-op,,Manufacturing & Quality,"Anoka, MN, US",unknown,6,$25/hr,SolidWorks; AutoCAD; CAD,2026-09-14T00:00:00Z,date_only,2026-09-14T22:01:23Z,https://nvent.wd5.myworkdayjobs.com/nVent/job/Anoka-MN-US/Manufacturing-Engineering-Co-op--January---June-2027-_R23576
nVent,Manufacturing Engineering Co-op (June - December 2027),Summer 2027,False,,Co-op,,Manufacturing & Quality,"Anoka, MN, US",unknown,6,$25/hr,SolidWorks; AutoCAD; CAD,2026-09-14T00:00:00Z,date_only,2026-09-14T22:01:23Z,https://nvent.wd5.myworkdayjobs.com/nVent/job/Anoka-MN-US/Manufacturing-Engineering-Co-op--June---December-2027-_R23578
nVent,Mechanical Engineering and Design Co-op (January - August 2027),Summer 2027,False,,Co-op,,Mechanical Design,"Anoka, MN, US",unknown,6,$25/hr,SolidWorks; CAD; FEA,2026-09-14T00:00:00Z,date_only,2026-09-14T22:01:23Z,https://nvent.wd5.myworkdayjobs.com/nVent/job/Anoka-MN-US/Mechanical-Engineering-and-Design-Co-op--January---August-2027-_R23572
nVent,Mechanical Engineering and Design Co-op (June - December 2027),Summer 2027,False,,Co-op,,Mechanical Design,"Anoka, MN, US",unknown,6,$25/hr,SolidWorks; CAD; FEA,2026-09-14T00:00:00Z,date_only,2026-09-14T22:01:23Z,https://nvent.wd5.myworkdayjobs.com/nVent/job/Anoka-MN-US/Mechanical-Engineering-and-Design-Co-op--June---December-2027-_R23573
nVent,Packaging Engineering Co-op (January - August 2027),Summer 2027,False,,Co-op,,Mechanical Design,"Anoka, MN, US",unknown,6,$25/hr,CAD,2026-09-14T00:00:00Z,date_only,2026-09-14T22:01:23Z,https://nvent.wd5.myworkdayjobs.com/nVent/job/Anoka-MN-US/Packaging-Engineering-Co-op--January---August-2027-_R23570
nVent,Packaging Engineering Co-op (June - August 2027),Summer 2027,False,,Co-op,,Mechanical Design,"Anoka, MN, US",unknown,6,$25/hr,CAD,2026-09-14T00:00:00Z,date_only,2026-09-14T22:01:23Z,https://nvent.wd5.myworkdayjobs.com/nVent/job/Anoka-MN-US/Packaging-Engineering-Co-op--June---August-2027-_R23571
nVent,Mechanical Engineering Co-Op (Jan - Aug 2027),Summer 2027,False,,Co-op,,Mechanical Design,"Solon, OH, US",unknown,6,,MATLAB; Abaqus; FEA; CNC; Six Sigma; Lean Manufacturing,2026-09-14T00:00:00Z,date_only,2026-09-14T22:01:23Z,https://nvent.wd5.myworkdayjobs.com/nVent/job/Solon-OH-US/Mechanical-Engineering-Co-Op--Jan---Aug-2027-_R23577
The Toro Company,Advanced Quality Engineering Intern - The Toro Company,Summer 2027,False,,Internship,,Manufacturing & Quality,"Bloomington, MN",no-sponsorship,2,,,2026-09-14T00:00:00Z,date_only,2026-09-14T22:01:23Z,https://ttc.wd1.myworkdayjobs.com/Toro_External_Careers/job/Bloomington-MN/Advanced-Quality-Engineering-Intern---The-Toro-Company_JR17231
Rocket Lab,Mechanical Engineering Intern Summer 2027,Summer 2027,False,,Internship,,Mechanical Design,"Long Beach, CA",citizens-only,,,Siemens NX; CAD; GD&T; ANSYS; Nastran; FEA; Teamcenter; CAM,2026-09-13T23:16:18-04:00,exact,2026-09-14T05:12:23Z,https://job-boards.greenhouse.io/rocketlab/jobs/7991448003
Autostore,Co-Op/Intern - Mechanical Engineer,Not stated,True,,Internship / Co-op,,Mechanical Design,"Atlanta, GA, USA",unknown,,,SolidWorks; Siemens NX; Creo; CAD,2026-09-13T00:00:00Z,date_only,2026-09-13T16:32:57Z,https://autostore.wd3.myworkdayjobs.com/autostore/job/Atlanta-GA-USA/Co-Op---Mechanical-Engineer_JR102694
Lightmatter,Silicon Packaging Engineer - Intern & New Grad,Not stated,True,,Internship,,Mechanical Design,"Mountain View, CA",unknown,4,,Python; MATLAB; SolidWorks; GD&T; ANSYS; FEA; CFD; Tolerance Analysis,2026-09-11T19:37:05-04:00,exact,2026-09-12T04:49:32Z,https://boards.greenhouse.io/lightmatter/jobs/5422712008?gh_jid=5422712008
Rocket Lab,Structural Analysis Intern Summer 2027,Summer 2027,False,,Internship,,Structures & FEA,"Long Beach, CA",citizens-only,,,Siemens NX; CAD; FEA; CAM,2026-09-11T09:37:27-04:00,exact,2026-09-11T16:43:02Z,https://job-boards.greenhouse.io/rocketlab/jobs/7986690003
Xcimer Energy,Summer 2027 Internship - Mechanical Engineering,Summer 2027,False,,Internship,,Mechanical Design,"Denver, CO",citizens-only,,25–35 USD/hr,CAD; FEA,2026-09-11T20:07:58Z,exact,2026-09-12T15:43:24Z,https://jobs.lever.co/xcimer/c672a37e-007d-45ee-a4f9-b5d4dd25a2e3
Emerson Electric,Test Engineering Intern,Not stated,True,,Internship,,Test & Validation,"Austin, TX, United States",no-sponsorship,8,,Python; LabVIEW,2026-09-11,date_only,2026-09-11T21:09:25Z,https://hdjq.fa.us2.oraclecloud.com/hcmUI/CandidateExperience/en/sites/CX_1/job/26010099
Emerson Electric,Systems Integration Intern,Summer 2027,False,,Internship,,Systems Engineering,"Round Rock, TX, United States",no-sponsorship,8,,,2026-09-11,date_only,2026-09-11T21:09:25Z,https://hdjq.fa.us2.oraclecloud.com/hcmUI/CandidateExperience/en/sites/CX_1/job/26010800
Emerson Electric,Hardware Design Engineer Intern,Summer 2027,False,,Internship,,Mechanical Design,"Round Rock, TX, United States",unknown,8,,Python; C++; MATLAB; SolidWorks; Siemens NX; Creo; AutoCAD; CAD,2026-09-11,date_only,2026-09-11T21:09:25Z,https://hdjq.fa.us2.oraclecloud.com/hcmUI/CandidateExperience/en/sites/CX_1/job/26010801
Charter Manufacturing,Quality Engineer Intern (Summer 2027),Summer 2027,False,,Internship,,Manufacturing & Quality,"Charter Steel - Cleveland, OH",unknown,,,Tableau,2026-09-11T00:00:00Z,date_only,2026-09-11T16:43:02Z,https://chartermfg.wd5.myworkdayjobs.com/Charter_Careers/job/Charter-Steel---Cleveland-OH/Quality-Engineer-Intern--Summer-2027-_R08068
Graco,Manufacturing Engineering Intern,Not stated,True,,Internship,,Manufacturing & Quality,"Erie, Pennsylvania, USA",no-sponsorship,,,AutoCAD; CAD; React,2026-09-11T00:00:00Z,date_only,2026-09-11T21:09:25Z,https://graco.wd501.myworkdayjobs.com/Graco_Careers/job/Erie-Pennsylvania-USA/Manufacturing-Engineering-Intern_R0023592
Graco,Mechanical Engineering Intern,Not stated,True,,Internship,,Mechanical Design,"Erie, Pennsylvania, USA",no-sponsorship,,,SolidWorks; Creo; CAD; FEA,2026-09-11T00:00:00Z,date_only,2026-09-11T21:09:25Z,https://graco.wd501.myworkdayjobs.com/Graco_Careers/job/Erie-Pennsylvania-USA/Mechanical-Engineering-Intern_R0023550
Graco,Manufacturing Engineering Intern - Summer 2027,Summer 2027,False,,Internship,,Manufacturing & Quality,"Sioux Falls, South Dakota, USA",no-sponsorship,,,SolidWorks; Creo; AutoCAD,2026-09-11T00:00:00Z,date_only,2026-09-11T16:43:02Z,https://graco.wd501.myworkdayjobs.com/Graco_Careers/job/Sioux-Falls-South-Dakota-USA/Manufacturing-Engineering-Intern---Summer-2027_R0023643
LabCorp,Intern - Quality Engineer - Oncology,Not stated,True,,Internship,,Manufacturing & Quality,Baltimore MD,no-sponsorship,,$17.75–$20/hr,,2026-09-11T00:00:00Z,date_only,2026-09-11T16:43:02Z,https://labcorp.wd1.myworkdayjobs.com/external/job/Baltimore-MD/Intern---Quality-Engineer_2630918
Momentive,Summer 2027- Polymers and New Product Development Production Engineer Intern,Summer 2027,False,,Internship,,Manufacturing & Quality,US WV Friendly,unknown,44,,Six Sigma; Lean Manufacturing,2026-09-11T00:00:00Z,date_only,2026-09-11T16:43:02Z,https://momentive.wd1.myworkdayjobs.com/MC/job/US-WV-Friendly/Summer-2027--Polymers-and-New-Product-Development-Production-Engineer-Intern_R9799
Momentive,Summer 2027 Reliability Engineer Intern,Summer 2027,False,,Internship,,Test & Validation,US WV Friendly,unknown,44,,,2026-09-11T00:00:00Z,date_only,2026-09-11T16:43:02Z,https://momentive.wd1.myworkdayjobs.com/MC/job/US-WV-Friendly/Summer-2027-Reliability-Engineer-Intern_R9818-1
Moog,"Intern, Embedded Design Engineering",Fall 2026,False,,Internship,,Mechanical Design,"Blacksburg, VA",unknown,2,,,2026-09-11T00:00:00Z,date_only,2026-09-11T21:09:25Z,https://moog.wd5.myworkdayjobs.com/moog_external_career_site/job/Blacksburg-VA/Intern--Embedded-Design-Engineering_R-26-20053
Moog,"Intern, Mechanical Manufacturing Engineering",Not stated,True,,Internship,,Manufacturing & Quality,"Blacksburg, VA",unknown,2,,,2026-09-11T00:00:00Z,date_only,2026-09-11T21:09:25Z,https://moog.wd5.myworkdayjobs.com/moog_external_career_site/job/Blacksburg-VA/Intern--Mechanical-Manufacturing-Engineering_R-26-19925
Motorola,Product Quality Engineering 2027 Internship,Summer 2027,False,,Internship,,Manufacturing & Quality,"Chicago, IL",unknown,191,,Six Sigma,2026-09-11T00:00:00Z,date_only,2026-09-11T21:09:25Z,https://motorolasolutions.wd5.myworkdayjobs.com/Careers/job/Chicago-IL/Product-Quality-Engineering-Intern_R68669
Philips,"Co-op-Industrial Engineering-Reedsville, PA-(January to June 2027)",Summer 2027,False,,Co-op,,Manufacturing & Quality,"Reedsville, Pennsylvania, United States",unknown,,,Six Sigma; Lean Manufacturing,2026-09-11T00:00:00Z,date_only,2026-09-11T16:43:02Z,https://philips.wd3.myworkdayjobs.com/jobs-and-careers/job/Reedsville-Pennsylvania-United-States/Co-op-Industrial-Engineering-Reedsville--PA--January-to-June-2027-_591145
Saab,Mechanical Engineer Co-Op (Summer 2027),Summer 2027,False,,Co-op,,Mechanical Design,"East Syracuse, NY (Aspen Park)",citizens-only,,$20.27–$22.3/hr,SolidWorks,2026-09-11T00:00:00Z,date_only,2026-09-11T21:09:25Z,https://saabusa.wd1.myworkdayjobs.com/saab_careers/job/East-Syracuse-NY-Aspen-Park/Mechanical-Engineer-Co-Op--Summer-2027-_R-03261-1
Stanley Black & Decker,"Manufacturing Internship - 1st shift, $15.00hr",Not stated,True,,Internship,,Manufacturing & Quality,"Mission, TX, United States",unknown,124,,SolidWorks; AutoCAD,2026-09-11T00:00:00Z,date_only,2026-09-12T04:49:32Z,https://sbdinc.wd1.myworkdayjobs.com/Stanley_Black_Decker_Career_Site/job/Mission-TX-United-States/Manufacturing-Internship_REQ-1000052318-1
Thermo Fisher Scientific,Industrial Engineering Co-op,Not stated,True,,Co-op,,Manufacturing & Quality,"Rochester, New York, USA",unknown,368,,,2026-09-11T00:00:00Z,date_only,2026-09-12T04:49:32Z,https://thermofisher.wd5.myworkdayjobs.com/ThermoFisherCareers/job/Rochester-New-York-USA/Industrial-Engineering-Co-op_R-01366625
Thermo Fisher Scientific,Mechanical Engineering Co-op,Not stated,True,,Co-op,,Mechanical Design,"Rochester, New York, USA",unknown,368,,,2026-09-11T00:00:00Z,date_only,2026-09-12T04:49:32Z,https://thermofisher.wd5.myworkdayjobs.com/ThermoFisherCareers/job/Rochester-New-York-USA/Mechanical-Engineering-Co-op_R-01366623
Thermo Fisher Scientific,Metrology Engineering Co-op,Not stated,True,,Co-op,,Manufacturing & Quality,"Rochester, New York, USA",no-sponsorship,368,,,2026-09-11T00:00:00Z,date_only,2026-09-11T21:09:25Z,https://thermofisher.wd5.myworkdayjobs.com/ThermoFisherCareers/job/Rochester-New-York-USA/Metrology-Engineering-Co-op_R-01368188
Thermo Fisher Scientific,Packaging Engineering Co-op,Not stated,True,,Co-op,,Mechanical Design,"Rochester, New York, USA",unknown,368,,SolidWorks,2026-09-11T00:00:00Z,date_only,2026-09-12T04:49:32Z,https://thermofisher.wd5.myworkdayjobs.com/ThermoFisherCareers/job/Rochester-New-York-USA/Packaging-Engineering-Co-op_R-01366624
The Toro Company,Mechanical Design Engineering Intern - The Toro Company,Summer 2027,False,,Internship,,Mechanical Design,"Bloomington, MN",no-sponsorship,2,,Creo; CAD; FEA; CFD; Windchill,2026-09-11T00:00:00Z,date_only,2026-09-11T16:43:02Z,https://ttc.wd1.myworkdayjobs.com/Toro_External_Careers/job/Bloomington-MN/Mechanical-Design-Engineering-Intern---The-Toro-Company_JR17094
The Toro Company,Mechanical Design Engineering Intern - The Toro Company,Summer 2027,False,,Internship,,Mechanical Design,"Bloomington, MN",no-sponsorship,2,,Creo; CAD; FEA; CFD; Windchill; CNC,2026-09-11T00:00:00Z,date_only,2026-09-11T16:43:02Z,https://ttc.wd1.myworkdayjobs.com/Toro_External_Careers/job/Bloomington-MN/Mechanical-Design-Engineering-Intern---The-Toro-Company_JR17151
The Toro Company,Mechanical Engineering Intern - The Toro Company,Summer 2027,False,,Internship,,Mechanical Design,"Bloomington, MN",no-sponsorship,2,,SolidWorks; Creo; AutoCAD; GD&T,2026-09-11T00:00:00Z,date_only,2026-09-11T16:43:02Z,https://ttc.wd1.myworkdayjobs.com/Toro_External_Careers/job/Bloomington-MN/Mechanical-Engineering-Intern---The-Toro-Company_JR17141
The Toro Company,Mechanical Engineering Intern - Value Engineering (VAVE) - The Toro Company,Summer 2027,False,,Internship,,Mechanical Design,"Bloomington, MN",no-sponsorship,2,,GD&T,2026-09-11T00:00:00Z,date_only,2026-09-11T16:43:02Z,https://ttc.wd1.myworkdayjobs.com/Toro_External_Careers/job/Bloomington-MN/Mechanical-Engineering-Intern---Value-Engineering--VAVE----The-Toro-Company_JR17204
The Toro Company,Robotics Engineering Intern - The Toro Company,Summer 2027,False,,Internship,,Controls & Mechatronics,"Bloomington, MN",no-sponsorship,2,,Python; C++,2026-09-11T00:00:00Z,date_only,2026-09-11T16:43:02Z,https://ttc.wd1.myworkdayjobs.com/Toro_External_Careers/job/Bloomington-MN/Robotics-Engineering-Intern---The-Toro-Company_JR17194
Vermeer,Design Engineer Intern,Not stated,True,,Internship,,Mechanical Design,"Piedmont, South Carolina, USA",unknown,,,SolidWorks; FEA,2026-09-11T00:00:00Z,date_only,2026-09-11T16:43:02Z,https://vermeer.wd5.myworkdayjobs.com/externalcareersite/job/Piedmont-South-Carolina-USA/Design-Engineer-Intern_REQ-22255
Bedrock Robotics,Internship 2027 Validation & Verification Test Engineer,Summer 2027,False,,Internship,,Test & Validation,"San Francisco, CA",unknown,,,Python,2026-09-10T21:13:06.999+00:00,exact,2026-09-11T04:56:50Z,https://jobs.ashbyhq.com/bedrock-robotics/c396dedc-06ec-4a23-8408-0194e360f30e
National Information Solutions Cooperative (NISC),Intern - Quality Engineer,Not stated,True,,Internship,,Manufacturing & Quality,"Lake St. Louis, MO or Mandan, ND",unknown,,,,2026-09-10T13:33:19-04:00,exact,2026-09-10T21:02:53Z,https://job-boards.greenhouse.io/nisc/jobs/8191319
Rocket Lab,Propulsion Intern Summer 2027,Summer 2027,False,,Internship,,"Thermal, Fluids & Propulsion","Long Beach, CA",citizens-only,,,Python; Siemens NX; ANSYS,2026-09-10T15:06:22-04:00,exact,2026-09-10T21:02:53Z,https://job-boards.greenhouse.io/rocketlab/jobs/7986792003
Rocket Lab,Propulsion Design Intern Summer 2027,Summer 2027,False,,Internship,,"Thermal, Fluids & Propulsion","Long Beach, CA",citizens-only,,,Python; Siemens NX; CAD; ANSYS; CAM,2026-09-10T15:05:50-04:00,exact,2026-09-10T21:02:53Z,https://job-boards.greenhouse.io/rocketlab/jobs/7986816003
Rocket Lab,Test Engineering Intern - Avionics Summer 2027,Summer 2027,False,,Internship,,Test & Validation,"Long Beach, CA",citizens-only,,,Python; JavaScript,2026-09-10T15:06:37-04:00,exact,2026-09-10T21:02:53Z,https://job-boards.greenhouse.io/rocketlab/jobs/7987159003
National Information Solutions Cooperative (NISC),Intern - Quality Engineer,Not stated,True,,Internship,,Manufacturing & Quality,"Lake St. Louis, MO",unknown,,,,2026-09-10T13:33:21-04:00,exact,2026-09-10T21:02:53Z,https://job-boards.greenhouse.io/testnisc/jobs/8191814
National Information Solutions Cooperative (NISC),Intern - Quality Engineer,Not stated,True,,Internship,,Manufacturing & Quality,"Mandan, ND",unknown,,,,2026-09-10T13:33:22-04:00,exact,2026-09-10T21:02:53Z,https://job-boards.greenhouse.io/testnisc/jobs/8191819
VAST,Emerging Talent - Mechanical/Aerospace Engineering Internship,Not stated,True,,Internship,,Mechanical Design,"Long Beach, California, United States",citizens-only,,,SolidWorks; CATIA; CAD,2026-09-10T14:53:47-04:00,exact,2026-09-10T21:02:53Z,https://boards.greenhouse.io/vast/jobs/4711400006?gh_jid=4711400006
VAST,Emerging Talent - Manufacturing Engineering Internship,Not stated,True,,Internship,,Manufacturing & Quality,"Long Beach, California, United States",citizens-only,,,SolidWorks; CATIA; CAD,2026-09-10T15:11:36-04:00,exact,2026-09-10T21:02:53Z,https://boards.greenhouse.io/vast/jobs/4711403006?gh_jid=4711403006
Cleveland-Cliffs,Manufacturing Planning Intern,Not stated,True,,Internship,,Manufacturing & Quality,Indiana Harbor,unknown,11,,SQL,2026-09-10T00:00:00Z,date_only,2026-09-10T16:38:30Z,https://aksteel.wd1.myworkdayjobs.com/careers/job/Indiana-Harbor/Manufacturing-Planning-Intern_R13519
Cleveland-Cliffs,Material Science/Metallurgical Engineering Intern,Not stated,True,,Internship,,Materials Engineering,Indiana Harbor,unknown,11,,,2026-09-10T00:00:00Z,date_only,2026-09-10T16:38:30Z,https://aksteel.wd1.myworkdayjobs.com/careers/job/Indiana-Harbor/Material-Science-Metallurgical-Engineering-Intern_R13438
Cleveland-Cliffs,Process Control Engineering Intern,Not stated,True,,Internship,,Controls & Mechatronics,Indiana Harbor,unknown,11,,,2026-09-10T00:00:00Z,date_only,2026-09-10T16:38:30Z,https://aksteel.wd1.myworkdayjobs.com/careers/job/Indiana-Harbor/Process-Control-Engineering-Intern_R13477
Cleveland-Cliffs,Quality Engineering Intern,Not stated,True,,Internship,,Manufacturing & Quality,Indiana Harbor,unknown,11,,,2026-09-10T00:00:00Z,date_only,2026-09-10T16:38:30Z,https://aksteel.wd1.myworkdayjobs.com/careers/job/Indiana-Harbor/Quality-Engineering-Intern_R13510
Allegion,Summer Intern - Manufacturing Process Engineer,Not stated,True,,Internship,,Manufacturing & Quality,"Colorado Springs, CO",unknown,,,Creo,2026-09-10T00:00:00Z,date_only,2026-09-11T04:56:50Z,https://allegion.wd5.myworkdayjobs.com/careers/job/Colorado-Springs-CO/Summer-Intern---Manufacturing-Process-Engineer_JR37469-1
Allegion,Summer Intern - Quality Engineer,Not stated,True,,Internship,,Manufacturing & Quality,"Princeton, IL",unknown,,,,2026-09-10T00:00:00Z,date_only,2026-09-11T04:56:50Z,https://allegion.wd5.myworkdayjobs.com/careers/job/Princeton-IL/Quality-Engineer-Intern_JR37402-1
Avav,Mechanical Engineering Intern,Not stated,True,,Internship,,Mechanical Design,"Pottstown, PA",citizens-only,,,SolidWorks; CAD; GD&T; ANSYS,2026-09-10T00:00:00Z,date_only,2026-09-10T21:02:53Z,https://avav.wd1.myworkdayjobs.com/avav/job/Pottstown-PA/Mechanical-Engineering-Intern_8627
Avav,Quality Engineering Intern,Not stated,True,,Internship,,Manufacturing & Quality,"Simi Valley, CA",citizens-only,,,SolidWorks,2026-09-10T00:00:00Z,date_only,2026-09-10T21:02:53Z,https://avav.wd1.myworkdayjobs.com/avav/job/Simi-Valley-CA/Quality-Engineering-Intern_8586
Bracco,R&D Packaging Engineer Co-op,Not stated,True,,Co-op,,Mechanical Design,"USA, Eden Prairie, Minnesota, 55344",no-sponsorship,,$23–$25/hr,,2026-09-10T00:00:00Z,date_only,2026-09-12T15:43:24Z,https://bracco.wd103.myworkdayjobs.com/braccocareers/job/USA-Eden-Prairie-Minnesota-55344/R-D-Packaging-Engineer-Co-op_JR100300-1
Graco,Mechanical Engineering Intern,Not stated,True,,Internship,,Mechanical Design,"Dayton, Minnesota, USA",no-sponsorship,,,SolidWorks; Creo; CAD; FEA,2026-09-10T00:00:00Z,date_only,2026-09-10T16:38:30Z,https://graco.wd501.myworkdayjobs.com/Graco_Careers/job/Dayton-Minnesota-USA/Mechanical-Engineering-Intern_R0023554
Graco,Mechanical Engineering Intern,Not stated,True,,Internship,,Mechanical Design,"Dayton, Minnesota, USA",no-sponsorship,,,SolidWorks; Creo; CAD; FEA,2026-09-10T00:00:00Z,date_only,2026-09-10T16:38:30Z,https://graco.wd501.myworkdayjobs.com/Graco_Careers/job/Dayton-Minnesota-USA/Mechanical-Engineering-Intern_R0023603
Graco,Mechanical Engineering Intern,Not stated,True,,Internship,,Mechanical Design,"Flagstaff, Arizona, USA",no-sponsorship,,,SolidWorks; Creo; CAD; FEA,2026-09-10T00:00:00Z,date_only,2026-09-10T16:38:30Z,https://graco.wd501.myworkdayjobs.com/Graco_Careers/job/Flagstaff-Arizona-USA/Mechanical-Engineering-Intern_R0023604
Graco,Mechanical Engineering Intern,Not stated,True,,Internship,,Mechanical Design,"Rogers, Minnesota, USA (David Koch Center)",no-sponsorship,,,SolidWorks; Creo; CAD; FEA,2026-09-10T00:00:00Z,date_only,2026-09-10T16:38:30Z,https://graco.wd501.myworkdayjobs.com/Graco_Careers/job/Rogers-Minnesota-USA-David-Koch-Center/Mechanical-Engineering-Intern_R0023509
Insulet Corporation,"Co-op, Manufacturing Engineering: January - June 2027 (Onsite)",Summer 2027,False,,Co-op,,Manufacturing & Quality,"Acton, Massachusetts",unknown,46,,SolidWorks; Creo; CAD,2026-09-10T00:00:00Z,date_only,2026-09-10T21:02:53Z,https://insulet.wd5.myworkdayjobs.com/insuletcareers/job/Acton-Massachusetts/Co-op--Manufacturing-Engineering--January---June-2027--Onsite-_REQ-2026-18078
Insulet Corporation,"Graduate Co-op, Manufacturing Engineering: January - June 2027 (Onsite)",Summer 2027,False,,Co-op,,Manufacturing & Quality,"Acton, Massachusetts",unknown,46,,SolidWorks; Creo; CAD,2026-09-10T00:00:00Z,date_only,2026-09-10T21:02:53Z,https://insulet.wd5.myworkdayjobs.com/insuletcareers/job/Acton-Massachusetts/Co-op--Manufacturing-Graduate--January---June-2027--Onsite-_REQ-2026-18086
Insulet Corporation,"Co-op, Mechanical Lifecycle: January - June 2027 (Onsite)",Summer 2027,False,,Co-op,,Mechanical Design,"Acton, Massachusetts",unknown,46,,CAD; Six Sigma; Lean Manufacturing,2026-09-10T00:00:00Z,date_only,2026-09-10T21:02:53Z,https://insulet.wd5.myworkdayjobs.com/insuletcareers/job/Acton-Massachusetts/Co-op--Mechanical-Lifecycle--January---June-2027--Onsite-_REQ-2026-18155
Insulet Corporation,"Co-op, R&D Manufacturing: January-June 2027 (Onsite)",Summer 2027,False,,Co-op,,Manufacturing & Quality,"Acton, Massachusetts",unknown,46,,SolidWorks; Creo; CAD,2026-09-10T00:00:00Z,date_only,2026-09-10T21:02:53Z,https://insulet.wd5.myworkdayjobs.com/insuletcareers/job/Acton-Massachusetts/Co-op--R-D-Manufacturing--January-June-2027--Onsite-_REQ-2026-18069
Insulet Corporation,"Co-op, Supplier Development Engineering - Mechanical: January-June 2027 (Onsite)",Summer 2027,False,,Co-op,,Mechanical Design,"Acton, Massachusetts",unknown,46,,CAD; Six Sigma; Lean Manufacturing,2026-09-10T00:00:00Z,date_only,2026-09-11T04:56:50Z,https://insulet.wd5.myworkdayjobs.com/insuletcareers/job/Acton-Massachusetts/Co-op--Supplier-Development-Engineering---Mechanical--January-June-2027--Onsite-_REQ-2026-18209
Niagara Bottling,Manufacturing Internship - Plainfield,Not stated,True,,Internship,,Manufacturing & Quality,"Plainfield - Plainfield, IN",unknown,104,,,2026-09-10T00:00:00Z,date_only,2026-09-10T21:02:53Z,https://niagarawater.wd5.myworkdayjobs.com/niagara/job/Plainfield---Plainfield-IN/Manufacturing-Internship---Plainfield_R56553
Nordson,Quality Engineering Intern,Not stated,True,,Internship,,Manufacturing & Quality,USA - Connecticut - Norwich,unknown,,,,2026-09-10T00:00:00Z,date_only,2026-09-10T21:02:53Z,https://nordsonhcm.wd501.myworkdayjobs.com/nordsoncareers/job/USA---Connecticut---Norwich/Quality-Engineering-Intern_REQ52854
nVent,Mechanical Engineering Co-Op (June - Dec 2027),Summer 2027,False,,Co-op,,Mechanical Design,"Solon, OH, US",unknown,6,,MATLAB; Abaqus; FEA; CNC; Six Sigma; Lean Manufacturing,2026-09-10T00:00:00Z,date_only,2026-09-10T21:02:53Z,https://nvent.wd5.myworkdayjobs.com/nVent/job/Solon-OH-US/Mechanical-Engineering-Co-Op--June---December-2027-_R23539
Polar Semiconductor,Industrial Engineering Intern,Not stated,True,,Internship,,Manufacturing & Quality,"Bloomington, MN, USA",unknown,,$25.5–$32.2/hr,Python; SQL,2026-09-10T00:00:00Z,date_only,2026-09-10T16:38:30Z,https://polarsemi.wd501.myworkdayjobs.com/Polar/job/Bloomington-MN-USA/Industrial-Engineering-Intern_R3772
Polar Semiconductor,Manufacturing Planning Intern,Not stated,True,,Internship,,Manufacturing & Quality,"Bloomington, MN, USA",unknown,,$25.5–$32.2/hr,Python; SQL,2026-09-10T00:00:00Z,date_only,2026-09-10T16:38:30Z,https://polarsemi.wd501.myworkdayjobs.com/Polar/job/Bloomington-MN-USA/Manufacturing-Planning-Intern_R3785
Polar Semiconductor,OT Automation Engineer Intern,Not stated,True,,Internship,,Controls & Mechatronics,"Bloomington, MN, USA",unknown,,$25.5–$32.2/hr,C#; .NET,2026-09-10T00:00:00Z,date_only,2026-09-10T16:38:30Z,https://polarsemi.wd501.myworkdayjobs.com/Polar/job/Bloomington-MN-USA/OT-Automation-Engineer-Intern_R3786
The Toro Company,Design Engineering Intern - Exmark,Summer 2027,False,,Internship,,Mechanical Design,"Beatrice, NE",no-sponsorship,2,$22–$33/hr,Creo; CAD; FEA,2026-09-10T00:00:00Z,date_only,2026-09-11T04:56:50Z,https://ttc.wd1.myworkdayjobs.com/Toro_External_Careers/job/Beatrice-NE/Design-Engineering-Intern---Exmark_JR17085
The Toro Company,Test Engineer Intern - Exmark,Summer 2027,False,,Internship,,Test & Validation,"Beatrice, NE",no-sponsorship,2,$22–$33/hr,Creo; CAD; LabVIEW,2026-09-10T00:00:00Z,date_only,2026-09-11T04:56:50Z,https://ttc.wd1.myworkdayjobs.com/Toro_External_Careers/job/Beatrice-NE/Test-Engineer-Intern---Exmark_JR17050
The Toro Company,Robotics System Test Intern - The Toro Company,Summer 2027,False,,Internship,,Test & Validation,"Frederick, CO",no-sponsorship,2,,,2026-09-10T00:00:00Z,date_only,2026-09-11T04:56:50Z,https://ttc.wd1.myworkdayjobs.com/Toro_External_Careers/job/Frederick-CO/Robotics-System-Test-Intern---The-Toro-Company_JR17004
The Toro Company,Mechanical Engineering Intern - Ditch Witch,Summer 2027,False,,Internship,,Mechanical Design,"Perry, OK",no-sponsorship,2,,SolidWorks; Creo; AutoCAD,2026-09-10T00:00:00Z,date_only,2026-09-11T04:56:50Z,https://ttc.wd1.myworkdayjobs.com/Toro_External_Careers/job/Perry-OK/Mechanical-Engineering-Intern---Ditch-Witch_JR17098
The Toro Company,Mechanical Engineering Intern - Ditch Witch,Summer 2027,False,,Internship,,Mechanical Design,"Perry, OK",no-sponsorship,2,,SolidWorks; Creo; AutoCAD,2026-09-10T00:00:00Z,date_only,2026-09-11T04:56:50Z,https://ttc.wd1.myworkdayjobs.com/Toro_External_Careers/job/Perry-OK/Mechanical-Engineering-Intern---Ditch-Witch_JR17101
Allen Control Systems,"Manufacturing Engineering Co-op / Intern, 2027",Summer 2027,False,,Internship / Co-op,,Manufacturing & Quality,"Pflugerville, TX",unknown,,,SolidWorks; Creo; CAD; GD&T; Six Sigma; Lean Manufacturing; Computer Vision,2026-09-09T01:13:50.674+00:00,exact,2026-09-09T04:58:36Z,https://jobs.ashbyhq.com/allen-control-systems/e7cefcf6-7322-43ba-861e-22e76f8186bd
Saronic,Manufacturing Engineer Intern (Summer 2027),Summer 2027,False,,Internship,,Manufacturing & Quality,"Franklin, LA",citizens-only,,,Lean Manufacturing,2026-09-09T19:46:42.155+00:00,exact,2026-09-09T21:07:19Z,https://jobs.ashbyhq.com/saronic/2b037fca-754c-4077-b224-eb35cf2b2b97
Saronic,Mechanical Engineer Intern (Summer 2027),Summer 2027,False,,Internship,,Mechanical Design,"Austin, TX",citizens-only,,,SolidWorks; AutoCAD; CAD; CFD,2026-09-09T19:47:04.501+00:00,exact,2026-09-09T21:07:19Z,https://jobs.ashbyhq.com/saronic/f52ae6eb-7eba-4c64-97c7-57e2a234e088
Pacific Fusion,Summer 2027 Internship- Mechanical Engineering,Summer 2027,False,,Internship,,Mechanical Design,"San Leandro, CA/Fremont, CA or Los Lunas, NM",citizens-only,,,Python; MATLAB; SolidWorks; Creo; CAD; FEA,2026-09-09T16:15:23-04:00,exact,2026-09-10T16:38:30Z,https://job-boards.greenhouse.io/pacificfusion/jobs/4398312009
Pacific Fusion,Summer 2027 Internship-Manufacturing Engineering,Summer 2027,False,,Internship,,Manufacturing & Quality,"San Leandro, CA - Fremont, CA - Los Lunas, NM",citizens-only,,,Python; MATLAB; CAD,2026-09-09T14:47:52-04:00,exact,2026-09-10T16:38:30Z,https://job-boards.greenhouse.io/pacificfusion/jobs/4398388009
Rocket Lab,Additive Manufacturing Intern Summer 2027,Summer 2027,False,,Internship,,Manufacturing & Quality,"Long Beach, CA",citizens-only,,,SolidWorks; Siemens NX; CAD; FEA; CAM,2026-09-09T18:35:11-04:00,exact,2026-09-10T05:00:54Z,https://job-boards.greenhouse.io/rocketlab/jobs/7984600003
Rocket Lab,Combustion Devices Intern Summer 2027,Summer 2027,False,,Internship,,"Thermal, Fluids & Propulsion","Long Beach, CA",citizens-only,,,MATLAB; Siemens NX; CAD; GD&T; ANSYS; FEA; CAM,2026-09-09T18:43:44-04:00,exact,2026-09-10T05:00:54Z,https://job-boards.greenhouse.io/rocketlab/jobs/7986748003
Rocket Lab,Turbomachinery Intern Summer 2027,Summer 2027,False,,Internship,,"Thermal, Fluids & Propulsion","Long Beach, CA",citizens-only,,,Python; MATLAB; SolidWorks; Siemens NX; CATIA; CAD; GD&T; ANSYS,2026-09-09T19:45:13-04:00,exact,2026-09-10T05:00:54Z,https://job-boards.greenhouse.io/rocketlab/jobs/7987208003
Rocket Lab,Integration & Test Intern Summer 2027,Summer 2027,False,,Internship,,Test & Validation,"Long Beach, CA",citizens-only,,,Python; JavaScript; Siemens NX,2026-09-09T19:38:22-04:00,exact,2026-09-10T05:00:54Z,https://job-boards.greenhouse.io/rocketlab/jobs/7987250003
Rocket Lab,GNC Intern Summer 2027,Summer 2027,False,,Internship,,Controls & Mechatronics,"Littleton, CO",citizens-only,,,Python; MATLAB,2026-09-09T19:35:20-04:00,exact,2026-09-10T05:00:54Z,https://job-boards.greenhouse.io/rocketlab/jobs/7989993003
Bosch,Manufacturing Engineer Intern - Summer 2027,Summer 2027,False,,Internship,,Manufacturing & Quality,"Lincolnshire, IL, United States",unknown,188,$20–$27/hr,Creo; CAD; FMEA,2026-09-09T14:09:02.135Z,exact,2026-09-09T16:52:46Z,https://jobs.smartrecruiters.com/BoschGroup/744000148518808
Bosch,Manufacturing Engineer Intern - Summer 2027,Summer 2027,False,,Internship,,Manufacturing & Quality,"Lincolnshire, IL, United States",unknown,188,,Creo; CAD; FMEA,2026-09-09T15:19:22.421Z,exact,2026-09-09T16:52:46Z,https://jobs.smartrecruiters.com/BoschGroup/744000148542054
Lawrence Livermore National Laboratory (LLNL),Materials Engineering Division (MED): Undergraduate Intern - Summer 2027,Summer 2027,False,,Internship,,Materials Engineering,"Livermore, CA, United States",citizens-only,,,,2026-09-09T00:23:05.903Z,exact,2026-09-09T04:58:36Z,https://jobs.smartrecruiters.com/LLNL/3743990015127766
RESPEC,Student Engineering Intern (Mechanical or Electrical),Not stated,True,,Internship,,Mechanical Design,"Anchorage, AK, United States",unknown,,,,2026-09-09T19:35:08.807Z,exact,2026-09-09T21:07:19Z,https://jobs.smartrecruiters.com/RESPECInc/744000148594874
RESPEC,Student Engineering Intern (Structural),Not stated,True,,Internship,,Structures & FEA,"Anchorage, AK, United States",unknown,,,AutoCAD,2026-09-09T19:48:35.304Z,exact,2026-09-09T21:07:19Z,https://jobs.smartrecruiters.com/RESPECInc/744000148597749
Allegion,Summer Intern - Mechanical Engineer,Not stated,True,,Internship,,Mechanical Design,"Colorado Springs, CO",unknown,,,Creo; CAD,2026-09-09T00:00:00Z,date_only,2026-09-10T05:00:54Z,https://allegion.wd5.myworkdayjobs.com/careers/job/Colorado-Springs-CO/Summer-Intern---Mechanical-Engineer_JR37316-1
Allegion,Summer Intern - Mechanical Engineering,Not stated,True,,Internship,,Mechanical Design,"Everett, WA",unknown,,,AutoCAD; CAD,2026-09-09T00:00:00Z,date_only,2026-09-10T05:00:54Z,https://allegion.wd5.myworkdayjobs.com/careers/job/Everett-WA/Mechanical-Engineering-Intern_JR37384-2
Allegion,"Summer Intern – Mechanical Engineer – Golden, CO",Not stated,True,,Internship,,Mechanical Design,"Golden, CO",unknown,,,Creo; GD&T; DFM/DFA; Tolerance Analysis; FMEA,2026-09-09T00:00:00Z,date_only,2026-09-10T05:00:54Z,https://allegion.wd5.myworkdayjobs.com/careers/job/Golden-CO/Summer-Intern---Mechanical-Engineer---Golden--CO_JR37455-2
Allegion,Summer Intern - Mechanical Engineer,Not stated,True,,Internship,,Mechanical Design,"Indianapolis, IN - Hague Rd",unknown,,,,2026-09-09T00:00:00Z,date_only,2026-09-10T05:00:54Z,https://allegion.wd5.myworkdayjobs.com/careers/job/Indianapolis-IN---Hague-Rd/Summer-Intern---Mechanical-Engineer_JR37491-1
Allegion,Summer Intern - Controls Engineering,Summer 2027,False,,Internship,,Controls & Mechatronics,"Indianapolis, IN - Tobey Dr",unknown,,,,2026-09-09T00:00:00Z,date_only,2026-09-09T21:07:19Z,https://allegion.wd5.myworkdayjobs.com/careers/job/Indianapolis-IN---Tobey-Dr/Summer-Intern---Controls-Engineering_JR37366-1
Allegion,Summer Intern - Manufacturing Engineering - Assembly,Not stated,True,,Internship,,Manufacturing & Quality,"Indianapolis, IN - Tobey Dr",unknown,,,Creo; DFM/DFA,2026-09-09T00:00:00Z,date_only,2026-09-09T21:07:19Z,https://allegion.wd5.myworkdayjobs.com/careers/job/Indianapolis-IN---Tobey-Dr/Summer-Intern---Manufacturing-Engineering---Assembly_JR37346-1
Bracco,Mechanical Engineering Co-op (R&D Sustaining),Summer 2027,False,,Co-op,,Mechanical Design,"USA, Eden Prairie, Minnesota, 55344",no-sponsorship,,$23–$25/hr,,2026-09-09T00:00:00Z,date_only,2026-09-12T15:43:24Z,https://bracco.wd103.myworkdayjobs.com/braccocareers/job/USA-Eden-Prairie-Minnesota-55344/Mechanical-Engineering-Co-op--R-D-Sustaining-_JR100317
General Motors,2027 Summer Intern – Manufacturing Engineering – Global Artisan Innovation Center,Summer 2027,False,,Internship,,Manufacturing & Quality,"Warren, Michigan, United States of America",unknown,928,,CAD; PLM; Six Sigma; Lean Manufacturing,2026-09-09T00:00:00Z,date_only,2026-09-09T21:07:19Z,https://generalmotors.wd5.myworkdayjobs.com/Careers_GM/job/Warren-Michigan-United-States-of-America/XMLNAME-2027-Summer-Intern---Manufacturing-Engineering---Global-Artisan-Innovation-Center_JR-202619920
General Motors,2027 Summer Intern - PFMEA Manufacturing Engineer,Summer 2027,False,,Internship,,Manufacturing & Quality,"Warren, Michigan, United States of America",unknown,928,,FMEA,2026-09-09T00:00:00Z,date_only,2026-09-10T05:00:54Z,https://generalmotors.wd5.myworkdayjobs.com/Careers_GM/job/Warren-Michigan-United-States-of-America/XMLNAME-2027-Summer-Intern---PFMEA-Manufacturing-Engineer_JR-202619950
Graco,Manufacturing Engineering Intern,Not stated,True,,Internship,,Manufacturing & Quality,"Dayton, Minnesota, USA (French Lake)",no-sponsorship,,,AutoCAD; CAD; React,2026-09-09T00:00:00Z,date_only,2026-09-09T16:52:46Z,https://graco.wd501.myworkdayjobs.com/Graco_Careers/job/Dayton-Minnesota-USA-French-Lake/Manufacturing-Engineering-Intern_R0023564
Graco,Automation Engineering Co-Op (January - August 2027),Summer 2027,False,,Co-op,,Controls & Mechatronics,"Rogers, Minnesota, USA (David Koch Center)",no-sponsorship,,,AutoCAD; CAD; React,2026-09-09T00:00:00Z,date_only,2026-09-09T16:52:46Z,https://graco.wd501.myworkdayjobs.com/Graco_Careers/job/Rogers-Minnesota-USA-David-Koch-Center/Automation-Engineering-Co-Op--January---August-2027-_R0023586
Graco,Manufacturing Engineering (Operational Technology) Co-op (January - August 2027),Summer 2027,False,,Co-op,,Manufacturing & Quality,"Rogers, Minnesota, USA (David Koch Center)",no-sponsorship,,,AutoCAD; CAD; React,2026-09-09T00:00:00Z,date_only,2026-09-09T16:52:46Z,https://graco.wd501.myworkdayjobs.com/Graco_Careers/job/Rogers-Minnesota-USA-David-Koch-Center/Manufacturing-Engineering--Operational-Technology--Co-op--January---August-2027-_R0023574
Graco,Quality Engineering Co-op (January - August 2027),Summer 2027,False,,Co-op,,Manufacturing & Quality,"Rogers, Minnesota, USA (David Koch Center)",no-sponsorship,,,,2026-09-09T00:00:00Z,date_only,2026-09-09T16:52:46Z,https://graco.wd501.myworkdayjobs.com/Graco_Careers/job/Rogers-Minnesota-USA-David-Koch-Center/Quality-Engineering-Co-op--January---August-2027-_R0023573
HMH,Manufacturing Shop Operations Intern,Summer 2027,False,,Internship,,Manufacturing & Quality,"Houston, TX",unknown,,,,2026-09-09T00:00:00Z,date_only,2026-09-10T16:38:30Z,https://hmhw.wd12.myworkdayjobs.com/hmh_careers/job/Houston-TX/Manufacturing-Shop-Operations-Intern_JR102389
HMH,Mechanical Engineering Intern,Summer 2027,False,,Internship,,Mechanical Design,"Houston, TX",unknown,,,,2026-09-09T00:00:00Z,date_only,2026-09-10T16:38:30Z,https://hmhw.wd12.myworkdayjobs.com/hmh_careers/job/Houston-TX/Mechanical-Engineering-Intern_JR102383
Hypertherm,Mechanical Engineering Winter/Spring Internship or Co-Op - Central Engineering (NH),Not stated,True,,Internship / Co-op,,Mechanical Design,"Hanover, NH",unknown,9,,SolidWorks; CAD; PLM,2026-09-09T00:00:00Z,date_only,2026-09-11T16:43:02Z,https://hypertherm.wd503.myworkdayjobs.com/hypertherm-careers/job/Hanover-NH/Mechanical-Engineering-Winter-Spring-Internship-or-Co-Op---Central-Engineering--NH-_R4060
Hypertherm,Mechanical Engineering Winter/Spring Internship or Co-Op - Central Engineering (WA),Not stated,True,,Internship / Co-op,,Mechanical Design,"Kent, WA",unknown,9,,SolidWorks; CAD; PLM,2026-09-09T00:00:00Z,date_only,2026-09-11T16:43:02Z,https://hypertherm.wd503.myworkdayjobs.com/hypertherm-careers/job/Kent-WA/Mechanical-Engineering-Winter-Spring-Internship-or-Co-Op---Central-Engineering--WA-_R4061
IDEX,Mechanical Engineer-Intern,Not stated,True,,Internship,,Mechanical Design,"Oklahoma City, Oklahoma",unknown,2,,SolidWorks; Creo; CAD,2026-09-09T00:00:00Z,date_only,2026-09-09T16:52:46Z,https://idexcorp.wd5.myworkdayjobs.com/idex_careers/job/Oklahoma-City-Oklahoma/Mechanical-Engineer-Intern_R-09824-1
Johnson & Johnson,Product Development Engineering Spring Co-op,Not stated,True,,Co-op,,Mechanical Design,"Santa Clara, California, United States of America",unknown,8,$27/hr,SolidWorks; Creo; CAD; GD&T; DFM/DFA; Tolerance Analysis; Six Sigma,2026-09-09T00:00:00Z,date_only,2026-09-09T21:07:19Z,https://jj.wd5.myworkdayjobs.com/JJ/job/Santa-Clara-California-United-States-of-America/Product-Development-Engineering-Intern_R-095154
Leidos,Aerospace M&S Engineer Intern,Not stated,True,,Internship,,Aerospace & Flight Sciences,"Huntsville, AL",citizens-only,79,,Python; C++; MATLAB; Simulink; Linux; Git,2026-09-09T00:00:00Z,date_only,2026-09-09T21:07:19Z,https://leidos.wd5.myworkdayjobs.com/External/job/Huntsville-AL/Aerospace-M-S-Engineer-Intern_R-00191760
Leidos,Mechanical Design Engineer Summer Intern,Not stated,True,,Internship,,Mechanical Design,"Huntsville, AL",citizens-only,79,,SolidWorks; CAD; GD&T,2026-09-09T00:00:00Z,date_only,2026-09-09T21:07:19Z,https://leidos.wd5.myworkdayjobs.com/External/job/Huntsville-AL/Mechanical-Design-Engineer-Summer-Intern_R-00191782
Momentive,Summer 2027 Intern - Waterford Manufacturing Engineering,Summer 2027,False,,Internship,,Manufacturing & Quality,US NY Waterford,unknown,44,,,2026-09-09T00:00:00Z,date_only,2026-09-09T21:07:19Z,https://momentive.wd1.myworkdayjobs.com/MC/job/US-NY-Waterford/Summer-2027-Intern---Waterford-Manufacturing-Engineering_R9885
Moog,"Intern, Design Engineering",Summer 2027,False,,Internship,,Mechanical Design,"Mineral Wells, TX",unknown,2,,,2026-09-09T00:00:00Z,date_only,2026-09-09T11:40:53Z,https://moog.wd5.myworkdayjobs.com/moog_external_career_site/job/Mineral-Wells-TX/Intern--Design-Engineering_R-26-19881
Moog,"Intern, Design Engineering",Summer 2027,False,,Internship,,Mechanical Design,"Mineral Wells, TX",unknown,2,,,2026-09-09T00:00:00Z,date_only,2026-09-09T11:40:53Z,https://moog.wd5.myworkdayjobs.com/moog_external_career_site/job/Mineral-Wells-TX/Intern--Design-Engineering_R-26-19882
Moog,"Intern, Hardware Design Engineering",Summer 2027,False,,Internship,,Mechanical Design,"Mineral Wells, TX",unknown,2,,,2026-09-09T00:00:00Z,date_only,2026-09-09T11:40:53Z,https://moog.wd5.myworkdayjobs.com/moog_external_career_site/job/Mineral-Wells-TX/Intern--Hardware-Design-Engineering_R-26-19887
J.M. Smucker,"Packaging Engineering Intern- 2027, 6-8 month Co-Op",Summer 2027,False,,Internship / Co-op,,Mechanical Design,"Orrville, OH",unknown,9,$22–$27/hr,,2026-09-09T00:00:00Z,date_only,2026-09-10T16:38:30Z,https://smucker.wd5.myworkdayjobs.com/US_External_Careers/job/Orrville-OH/Packaging-Engineering-Intern--2027--6-8-month-Co-Op_115697
Allen Control Systems,"Mechanical Engineering Intern, 2027",Summer 2027,False,,Internship,,Mechanical Design,"Austin, TX",unknown,,,SolidWorks; CAD; Computer Vision,2026-09-08T21:19:52.236+00:00,exact,2026-09-09T04:58:36Z,https://jobs.ashbyhq.com/allen-control-systems/ad41a645-7b94-407d-a579-003fba1b8e68
Bedrock Robotics,Internship 2027 Sensor Hardware Test Engineer,Summer 2027,False,,Internship,,Test & Validation,"San Francisco, CA",unknown,,,Python; CAD; Git,2026-09-08T22:19:22.249+00:00,exact,2026-09-09T16:52:46Z,https://jobs.ashbyhq.com/bedrock-robotics/1f413f83-b897-4938-a19e-ab91bd326c51
Syska Hennessy Group,Mechanical Engineering Summer Intern,Not stated,True,,Internship,,Mechanical Design,"Los Angeles, CA",unknown,,,AutoCAD,2026-09-08T11:53:07-04:00,exact,2026-09-08T16:50:50Z,https://job-boards.greenhouse.io/syskahennessy/jobs/8175600
Syska Hennessy Group,Mechanical Engineering Summer Intern,Not stated,True,,Internship,,Mechanical Design,"San Diego, CA",unknown,,,AutoCAD,2026-09-08T12:10:40-04:00,exact,2026-09-08T16:50:50Z,https://job-boards.greenhouse.io/syskahennessy/jobs/8177222
Syska Hennessy Group,Mechanical Engineer Summer Intern,Not stated,True,,Internship,,Mechanical Design,"San Francisco, CA",unknown,,,AutoCAD,2026-09-08T12:12:04-04:00,exact,2026-09-08T16:50:50Z,https://job-boards.greenhouse.io/syskahennessy/jobs/8177276
Syska Hennessy Group,Mechanical Engineer Summer Intern,Not stated,True,,Internship,,Mechanical Design,"Chicago, IL",unknown,,,AutoCAD,2026-09-08T11:45:01-04:00,exact,2026-09-08T16:50:50Z,https://job-boards.greenhouse.io/syskahennessy/jobs/8177404
Syska Hennessy Group,Mechanical Engineer Summer Intern,Not stated,True,,Internship,,Mechanical Design,"Dallas, TX",unknown,,,AutoCAD,2026-09-08T11:50:42-04:00,exact,2026-09-08T16:50:50Z,https://job-boards.greenhouse.io/syskahennessy/jobs/8177511
Syska Hennessy Group,Mechanical Engineer Summer Intern,Not stated,True,,Internship,,Mechanical Design,"New York, NY",unknown,,,AutoCAD,2026-09-08T12:07:43-04:00,exact,2026-09-08T16:50:50Z,https://job-boards.greenhouse.io/syskahennessy/jobs/8177739
Syska Hennessy Group,Mechanical Engineering Summer Intern,Not stated,True,,Internship,,Mechanical Design,"Charlotte, NC",unknown,,,AutoCAD,2026-09-08T11:43:04-04:00,exact,2026-09-08T16:50:50Z,https://job-boards.greenhouse.io/syskahennessy/jobs/8177975
Syska Hennessy Group,Mechanical Engineer Summer Intern,Not stated,True,,Internship,,Mechanical Design,"Jacksonville, FL",unknown,,,AutoCAD,2026-09-08T13:22:46-04:00,exact,2026-09-08T21:22:24Z,https://job-boards.greenhouse.io/syskahennessy/jobs/8178051
Bosch,Design Engineer Intern,Not stated,True,,Internship,,Mechanical Design,"Vernon Hills, IL, United States",unknown,188,,Creo; CAD; CFD,2026-09-08T14:11:58.228Z,exact,2026-09-08T16:50:50Z,https://jobs.smartrecruiters.com/BoschGroup/744000148250710
Bosch,Design Engineer Intern,Not stated,True,,Internship,,Mechanical Design,"Vernon Hills, IL, United States",unknown,188,,Creo; CAD; CFD,2026-09-08T14:15:05.169Z,exact,2026-09-08T16:50:50Z,https://jobs.smartrecruiters.com/BoschGroup/744000148252267
Bosch,Test Engineer Intern,Not stated,True,,Internship,,Test & Validation,"Vernon Hills, IL, United States",unknown,188,,,2026-09-08T14:13:44.624Z,exact,2026-09-08T16:50:50Z,https://jobs.smartrecruiters.com/BoschGroup/744000148253129
Allegion,Summer Intern - Mechanical Engineer,Not stated,True,,Internship,,Mechanical Design,"Princeton, IL",unknown,,,,2026-09-08T00:00:00Z,date_only,2026-09-08T16:50:50Z,https://allegion.wd5.myworkdayjobs.com/careers/job/Princeton-IL/Summer-Intern---Mechanical-Engineer_JR37342-2
Astemo,Quality Engineer Intern,Not stated,True,,Internship,,Manufacturing & Quality,"Rock Spring, Georgia, United States of America",unknown,,,,2026-09-08T00:00:00Z,date_only,2026-09-08T21:22:24Z,https://astemo.wd102.myworkdayjobs.com/Global_Career_Site/job/Rock-Spring-Georgia-United-States-of-America/Quality-Engineer-Intern_J0051817
The Boeing Company,"Boeing Engineering & Technology Innovation Graduate Researcher Program, Aerodynamics Intern",Not stated,True,,Internship,,"Thermal, Fluids & Propulsion","USA - Huntington Beach, CA",citizens-only,28,,C++; CFD; Linux,2026-09-08T00:00:00Z,date_only,2026-09-08T21:22:24Z,https://boeing.wd1.myworkdayjobs.com/EXTERNAL_CAREERS/job/USA---Huntington-Beach-CA/Boeing-Engineering---Technology-Innovation-Graduate-Researcher-Program--Aerodynamics-Intern_JR2026523782
BorgWarner,Automation and Controls Engineering Intern,Not stated,True,,Internship,,Controls & Mechatronics,Arden - North Carolina - USA,unknown,4,,Python; C++; SQL,2026-09-08T00:00:00Z,date_only,2026-09-08T16:50:50Z,https://borgwarner.wd5.myworkdayjobs.com/BorgWarner_Careers/job/Arden---North-Carolina---USA/Automation-and-Controls-Engineering-Co-Op_R2026-0976
BorgWarner,Quality Engineering Intern,Not stated,True,,Internship,,Manufacturing & Quality,Arden - North Carolina - USA,unknown,4,,Six Sigma,2026-09-08T00:00:00Z,date_only,2026-09-08T21:22:24Z,https://borgwarner.wd5.myworkdayjobs.com/BorgWarner_Careers/job/Arden---North-Carolina---USA/Quality-Engineering-Intern_R2026-3555
Brunswick,Manufacturing Engineering Intern Summer '27,Summer 2027,False,,Internship,,Manufacturing & Quality,"Edgewater, FL",no-sponsorship,54,$18–$26/hr,CAD; Six Sigma; Lean Manufacturing,2026-09-08T00:00:00Z,date_only,2026-09-14T22:01:23Z,https://brunswick.wd1.myworkdayjobs.com/search/job/Edgewater-FL/Manufacturing-Engineering-Intern-Summer--27_JR-051339
Brunswick,Manufacturing Engineering Intern,Summer 2027,False,,Internship,,Manufacturing & Quality,"Edgewater, FL",no-sponsorship,54,$18–$26/hr,Six Sigma; Lean Manufacturing,2026-09-08T00:00:00Z,date_only,2026-09-14T22:01:23Z,https://brunswick.wd1.myworkdayjobs.com/search/job/Edgewater-FL/Manufacturing-Engineering-Intern_JR-051540
Brunswick,Validation Engineering Intern,Not stated,True,,Internship,,Test & Validation,"Tulsa, OK",no-sponsorship,54,$18–$27/hr,,2026-09-08T00:00:00Z,date_only,2026-09-14T22:01:23Z,https://brunswick.wd1.myworkdayjobs.com/search/job/Tulsa-OK/Engineering-Intern_JR-051312
Gilead Sciences,Intern - PDM - Global External Quality (Global Supplier Quality),Not stated,True,,Internship,,Manufacturing & Quality,United States - California - Foster City,unknown,272,,,2026-09-08T00:00:00Z,date_only,2026-09-08T11:35:09Z,https://gilead.wd1.myworkdayjobs.com/gileadcareers/job/United-States---California---Foster-City/Intern---PDM---Global-External-Quality--Global-Supplier-Quality-_R0054881
Graco,Manufacturing Engineering Co-Op (January - August 2027),Summer 2027,False,,Co-op,,Manufacturing & Quality,"Anoka, Minnesota, USA",no-sponsorship,,,AutoCAD; CAD; React,2026-09-08T00:00:00Z,date_only,2026-09-08T21:22:24Z,https://graco.wd501.myworkdayjobs.com/Graco_Careers/job/Anoka-Minnesota-USA/Manufacturing-Engineering-Co-Op_R0023507
Graco,Manufacturing Engineering Co-op (May - December 2027),Summer 2027,False,,Co-op,,Manufacturing & Quality,"Anoka, Minnesota, USA",no-sponsorship,,,AutoCAD; CAD; React,2026-09-08T00:00:00Z,date_only,2026-09-08T21:22:24Z,https://graco.wd501.myworkdayjobs.com/Graco_Careers/job/Anoka-Minnesota-USA/Manufacturing-Engineering-Co-op--May---December-2027-_R0023613
Graco,Manufacturing Engineering Co-Op (May - December 2027),Summer 2027,False,,Co-op,,Manufacturing & Quality,"Dayton, Minnesota, USA",no-sponsorship,,,AutoCAD; CAD; React,2026-09-08T00:00:00Z,date_only,2026-09-08T21:22:24Z,https://graco.wd501.myworkdayjobs.com/Graco_Careers/job/Dayton-Minnesota-USA/Manufacturing-Engineering-Co-Op_R0023506
Graco,Manufacturing Engineering Co-op (January - August 2027),Summer 2027,False,,Co-op,,Manufacturing & Quality,"Dayton, Minnesota, USA",no-sponsorship,,,AutoCAD; CAD; React,2026-09-08T00:00:00Z,date_only,2026-09-08T21:22:24Z,https://graco.wd501.myworkdayjobs.com/Graco_Careers/job/Dayton-Minnesota-USA/Manufacturing-Engineering-Co-op--January---August-2027-_R0023612
Graco,Manufacturing Engineering Co-Op (May - December 2027),Summer 2027,False,,Co-op,,Manufacturing & Quality,"Rogers, Minnesota, USA (David Koch Center)",no-sponsorship,,,AutoCAD; CAD; React,2026-09-08T00:00:00Z,date_only,2026-09-08T21:22:24Z,https://graco.wd501.myworkdayjobs.com/Graco_Careers/job/Rogers-Minnesota-USA-David-Koch-Center/Manufacturing-Engineering-Co-Op_R0023504
Graco,Manufacturing Engineering Co-op (January - August 2027),Summer 2027,False,,Co-op,,Manufacturing & Quality,"Rogers, Minnesota, USA (David Koch Center)",no-sponsorship,,,AutoCAD; CAD; React,2026-09-08T00:00:00Z,date_only,2026-09-08T21:22:24Z,https://graco.wd501.myworkdayjobs.com/Graco_Careers/job/Rogers-Minnesota-USA-David-Koch-Center/Manufacturing-Engineering-Co-op--January---August-2027-_R0023611
Meijer,Labor Industrial Engineering Intern- Summer 2027,Summer 2027,False,,Internship,,Manufacturing & Quality,"Grand Rapids, MI",unknown,57,,,2026-09-08T00:00:00Z,date_only,2026-09-08T21:22:24Z,https://meijer.wd5.myworkdayjobs.com/Meijer/job/Grand-Rapids-MI/Labor-Industrial-Engineering-Intern--Summer-2027_R000698645
Momentive,Summer 2027 P2-Production Engineer Intern,Summer 2027,False,,Internship,,Manufacturing & Quality,US WV Friendly,unknown,44,,Six Sigma; Lean Manufacturing,2026-09-08T00:00:00Z,date_only,2026-09-08T21:22:24Z,https://momentive.wd1.myworkdayjobs.com/MC/job/US-WV-Friendly/Summer-2027-P2-Production-Engineer-Intern_R9800
Merck,2027 Future Talent Program - Manufacturing Intern,Summer 2027,False,,Internship,,Manufacturing & Quality,USA - North Carolina - Durham (Old Oxford),unknown,,,,2026-09-08T00:00:00Z,date_only,2026-09-08T21:22:24Z,https://msd.wd5.myworkdayjobs.com/searchjobs/job/USA---North-Carolina---Durham-Old-Oxford/XMLNAME-2027-Future-Talent-Program---Manufacturing-Intern_R416739
Merck,2027 Future Talent Program - Elkton Manufacturing Co-op,Summer 2027,False,,Co-op,,Manufacturing & Quality,USA - Virginia - Elkton,unknown,,,Six Sigma,2026-09-08T00:00:00Z,date_only,2026-09-08T21:22:24Z,https://msd.wd5.myworkdayjobs.com/searchjobs/job/USA---Virginia---Elkton/XMLNAME-2027-Future-Talent-Program---Elkton-Manufacturing-Co-op_R412910
Merck,2027 Future Talent Program - Elkton Manufacturing Intern,Summer 2027,False,,Internship,,Manufacturing & Quality,USA - Virginia - Elkton,unknown,,,Six Sigma,2026-09-08T00:00:00Z,date_only,2026-09-08T21:22:24Z,https://msd.wd5.myworkdayjobs.com/searchjobs/job/USA---Virginia---Elkton/XMLNAME-2027-Future-Talent-Program---Elkton-Manufacturing-Intern_R412907
Northrop Grumman,2027 Mechanical Engineering Intern - Roy UT,Summer 2027,False,,Internship,,Mechanical Design,United States-Utah-Roy,citizens-only,,$23–$29/hr,,2026-09-08T00:00:00Z,date_only,2026-09-09T04:58:36Z,https://ngc.wd1.myworkdayjobs.com/Northrop_Grumman_External_Site/job/United-States-Utah-Roy/XMLNAME-2027-Mechanical-Engineering-Intern---Roy-UT_R10249871
Northrop Grumman,2027 Test Engineering Intern - Roy UT,Summer 2027,False,,Internship,,Test & Validation,United States-Utah-Roy,citizens-only,,$23–$29/hr,,2026-09-08T00:00:00Z,date_only,2026-09-09T04:58:36Z,https://ngc.wd1.myworkdayjobs.com/Northrop_Grumman_External_Site/job/United-States-Utah-Roy/XMLNAME-2027-Test-Engineering-Intern---Roy-UT_R10249875
SWBC,Quality Engineering Intern,Not stated,True,,Internship,,Manufacturing & Quality,"San Antonio, TX",unknown,,,Java; C#,2026-09-08T00:00:00Z,date_only,2026-09-08T21:22:24Z,https://swbc.wd1.myworkdayjobs.com/swbccareers/job/San-Antonio-TX/Quality-Engineering-Intern_R0015483-2
Thermo Fisher Scientific,Manufacturing Sciences Intern,Not stated,True,,Internship,,Manufacturing & Quality,"Rockford, Illinois, USA",unknown,368,,,2026-09-08T00:00:00Z,date_only,2026-09-08T11:35:09Z,https://thermofisher.wd5.myworkdayjobs.com/ThermoFisherCareers/job/Rockford-Illinois-USA/Manufacturing-Sciences-Intern_R-01366576
Watts Water,"Production Engineer Intern, Summer 2027",Summer 2027,False,,Internship,,Manufacturing & Quality,"Blauvelt, NY",unknown,4,,,2026-09-08T00:00:00Z,date_only,2026-09-08T21:22:24Z,https://wattswater.wd5.myworkdayjobs.com/Intern-External/job/Blauvelt-NY/Production-Engineer-Intern--Summer-2027_10017356
Solidigm,Memory Core Design Engineering Intern,Not stated,True,,Internship,,Mechanical Design,"Rancho Cordova, CA, United States",unknown,60,,,2026-09-07T14:15:52.301Z,exact,2026-09-07T21:41:03Z,https://jobs.smartrecruiters.com/Solidigm/744000147954459
General Motors,Packaging Engineering Intern,Not stated,True,,Internship,,Mechanical Design,"Burton, Michigan, United States of America",unknown,928,,,2026-09-07T00:00:00Z,date_only,2026-09-07T04:59:21Z,https://generalmotors.wd5.myworkdayjobs.com/Careers_GM/job/Burton-Michigan-United-States-of-America/Packaging-Engineering-Intern_JR-202618311
Johnson & Johnson,Athens Manufacturing Plant 2027 Co-Op,Summer 2027,False,,Co-op,,Manufacturing & Quality,"Athens, Georgia, United States of America",unknown,8,,,2026-09-07T00:00:00Z,date_only,2026-09-07T21:41:03Z,https://jj.wd5.myworkdayjobs.com/JJ/job/Athens-Georgia-United-States-of-America/Athens-Manufacturing-Plant-2027-Co-Op_R-097654-1
Harbinger Motors,"Intern, Powertrain Manufacturing",Not stated,True,,Internship,,Manufacturing & Quality,"Garden Grove, CA",unknown,,,SolidWorks; AutoCAD; CAD; Lean Manufacturing,2026-09-05T22:47:24-04:00,exact,2026-09-06T04:55:56Z,https://job-boards.greenhouse.io/harbingermotors/jobs/5231838007
Skydio,Flight Test Intern - Summer 2027,Summer 2027,False,,Internship,,Test & Validation,"San Mateo, California, United States",unknown,26,$41/hr,Linux,2026-09-04T19:01:54.953+00:00,exact,2026-09-04T20:56:27Z,https://jobs.ashbyhq.com/skydio/3eb06d6e-b6f0-4814-a80a-f1c43075873b
Skydio,Product Design Engineer Intern - Summer 2027,Summer 2027,False,,Internship,,Mechanical Design,"San Mateo, California, United States",unknown,26,$41/hr,CATIA; CAD; CNC; DFM/DFA,2026-09-04T18:58:21.127+00:00,exact,2026-09-04T20:56:27Z,https://jobs.ashbyhq.com/skydio/e541e878-567c-4c03-add8-baf19c63418f
GenScript,mRNA Manufacturing Intern (Full Time),Not stated,True,,Internship,,Manufacturing & Quality,"Redmond, Washington, United States",unknown,11,$22–$24/hr,,2026-09-04T16:51:04-04:00,exact,2026-09-04T20:56:27Z,https://job-boards.greenhouse.io/genscript/jobs/5231601007
Loram,Mechanical Engineering Intern,Not stated,True,,Internship,,Mechanical Design,"Hamel, MN, United States",unknown,,,AutoCAD; CAD,2026-09-04T15:34:38.431Z,exact,2026-09-04T16:34:33Z,https://jobs.smartrecruiters.com/Loram1/3743990015079155
Loram,Quality Engineer Intern,Not stated,True,,Internship,,Manufacturing & Quality,"Hamel, MN, United States",unknown,,,Six Sigma,2026-09-04T16:31:04.681Z,exact,2026-09-04T20:56:27Z,https://jobs.smartrecruiters.com/Loram1/3743990015081125
Allegion,Summer Intern - Manufacturing Engineering,Not stated,True,,Internship,,Manufacturing & Quality,"Indianapolis, IN - Tobey Dr",unknown,,,Creo; DFM/DFA,2026-09-04T00:00:00Z,date_only,2026-09-04T20:56:27Z,https://allegion.wd5.myworkdayjobs.com/careers/job/Indianapolis-IN---Tobey-Dr/Summer-Intern---Manufacturing-Engineering_JR37477-1
"Axcelis Technologies, Inc.",Manufacturing Engineer Co-op Production Support,Not stated,True,,Co-op,,Manufacturing & Quality,"Beverly, MA",unknown,11,,SolidWorks; Creo; AutoCAD; Six Sigma,2026-09-04T00:00:00Z,date_only,2026-09-04T16:34:33Z,https://axcelis.wd1.myworkdayjobs.com/axcelis/job/Beverly-MA/Manufacturing-Engineer-Co-op-Production-Support_12008
Canadian Solar,Raw Material Test Engineer (INTERN),Not stated,True,,Internship,,Test & Validation,"Mesquite, TX",unknown,6,,Python; MATLAB,2026-09-04T00:00:00Z,date_only,2026-09-05T04:45:01Z,https://canadiansolar.wd5.myworkdayjobs.com/CanadianSolar/job/Mesquite-TX/Raw-Material-Test-Engineer--INTERN-_10001423
Elanco,"Manufacturing Scientist/Quality Control Chemist Intern – Fort Dodge, Iowa (Summer 2027)",Summer 2027,False,,Internship,,Manufacturing & Quality,"Fort Dodge, IA",unknown,6,$20–$40/hr,,2026-09-04T00:00:00Z,date_only,2026-09-04T16:34:33Z,https://elanco.wd5.myworkdayjobs.com/External_Career/job/Fort-Dodge-IA/Manufacturing-Scientist-Quality-Control-Chemist-Intern---Fort-Dodge--Iowa--Summer-2027-_R0027070
Elanco,"Manufacturing Scientist/Technical Services Intern – Fort Dodge, Iowa (Summer 2027)",Summer 2027,False,,Internship,,Manufacturing & Quality,"Fort Dodge, IA",unknown,6,$20–$40/hr,,2026-09-04T00:00:00Z,date_only,2026-09-04T16:34:33Z,https://elanco.wd5.myworkdayjobs.com/External_Career/job/Fort-Dodge-IA/Manufacturing-Scientist-Technical-Services-Intern---Fort-Dodge--Iowa--Summer-2027-_R0027069-1
Hewlett Packard Enterprise,Mechanical Engineer Intern,Not stated,True,,Internship,,Mechanical Design,"Spring, Texas, United States of America",unknown,499,,CAD; CFD; HTML/CSS,2026-09-04T00:00:00Z,date_only,2026-09-04T20:56:27Z,https://hpe.wd5.myworkdayjobs.com/Jobsathpe/job/Spring-Texas-United-States-of-America/Mechanical-Engineer-Intern_1213393
POET,CAD Drafter Intern,Not stated,True,,Internship,,Mechanical Design,"Sioux Falls, SD",unknown,,,CAD; AutoCAD,2026-09-04T00:00:00Z,date_only,2026-09-04T16:34:33Z,https://poet.wd1.myworkdayjobs.com/POET/job/Sioux-Falls-SD/CAD-Drafter-Intern_R101704-1
Saab,Manufacturing Engineer (Summer Intern 2027),Summer 2027,False,,Internship,,Manufacturing & Quality,"West Lafayette, IN",citizens-only,,$21–$24/hr,,2026-09-04T00:00:00Z,date_only,2026-09-04T20:56:27Z,https://saabusa.wd1.myworkdayjobs.com/saab_careers/job/West-Lafayette-IN/Manufacturing-Engineer--Summer-Intern-2027-_R-03234
Saab,Mechanical Engineer (Summer Intern 2027),Summer 2027,False,,Internship,,Mechanical Design,"West Lafayette, IN",citizens-only,,$21–$24/hr,,2026-09-04T00:00:00Z,date_only,2026-09-04T20:56:27Z,https://saabusa.wd1.myworkdayjobs.com/saab_careers/job/West-Lafayette-IN/Mechanical-Engineer--Summer-Intern-2027-_R-03223
Saab,"Quality Engineer, Summer 2027 Intern",Summer 2027,False,,Internship,,Manufacturing & Quality,"West Lafayette, IN",citizens-only,,$21–$24/hr,,2026-09-04T00:00:00Z,date_only,2026-09-04T20:56:27Z,https://saabusa.wd1.myworkdayjobs.com/saab_careers/job/West-Lafayette-IN/Quality-Engineer--Summer-2027-Intern_R-03212
Hermeus,Mission Systems Engineering Intern - Spring/Summer 2027,Summer 2027,False,,Internship,,Systems Engineering,"Atlanta, GA",citizens-only,,25–33 USD/hr,Python; C++,2026-09-03T16:35:01Z,exact,2026-09-03T21:13:57Z,https://jobs.lever.co/hermeus/9229aa88-f54d-4ecd-85ee-b31f53b4207d
AECOM,Mechanical Engineering Intern,Summer 2027,False,,Internship,,Mechanical Design,"Arlington, VA, United States",unknown,246,,AutoCAD,2026-09-03T18:41:49.244Z,exact,2026-09-03T21:13:57Z,https://jobs.smartrecruiters.com/AECOM2/744000147333760
AECOM,Structural Engineer Intern,Not stated,True,,Internship,,Structures & FEA,"Arlington, VA, United States",citizens-only,246,,AutoCAD,2026-09-03T18:43:48.021Z,exact,2026-09-03T21:13:57Z,https://jobs.smartrecruiters.com/AECOM2/744000147334384
Barr,Internship – Structural Engineer (Hybrid),Summer 2027,False,,Internship,,Structures & FEA,"Ann Arbor, MI",no-sponsorship,,,,2026-09-03T00:00:00Z,date_only,2026-09-03T21:13:57Z,https://barr.wd1.myworkdayjobs.com/barrcareers/job/Ann-Arbor-MI/Internship---Structural-Engineer--Hybrid-_R-102315
Barr,Internship – Structural Engineer (Hybrid),Summer 2027,False,,Internship,,Structures & FEA,"Hibbing, MN",no-sponsorship,,,,2026-09-03T00:00:00Z,date_only,2026-09-03T21:13:57Z,https://barr.wd1.myworkdayjobs.com/barrcareers/job/Hibbing-MN/Internship---Structural-Engineer--Hybrid-_R-102316
Barr,Internship – Structural Engineer (Hybrid),Summer 2027,False,,Internship,,Structures & FEA,"Minneapolis, MN",no-sponsorship,,,,2026-09-03T00:00:00Z,date_only,2026-09-03T21:13:57Z,https://barr.wd1.myworkdayjobs.com/barrcareers/job/Minneapolis-MN/Internship---Structural-Engineer--Hybrid-_R-102314
Bracco,Mechanical Engineering Co-op (R&D Sustaining),Summer 2027,False,,Co-op,,Mechanical Design,"USA, Eden Prairie, Minnesota, 55344",no-sponsorship,,,,2026-09-03T00:00:00Z,date_only,2026-09-12T15:43:24Z,https://bracco.wd103.myworkdayjobs.com/braccocareers/job/USA-Eden-Prairie-Minnesota-55344/Mechanical-Engineering-Co-op--R-D-Sustaining-_JR100316
General Motors,2027 Summer Intern – Manufacturing Weld Engineer,Summer 2027,False,,Internship,,Manufacturing & Quality,"Lake Orion, Michigan, United States of America",unknown,928,,,2026-09-03T00:00:00Z,date_only,2026-09-03T21:13:57Z,https://generalmotors.wd5.myworkdayjobs.com/Careers_GM/job/Lake-Orion-Michigan-United-States-of-America/XMLNAME-2027-Summer-Intern---Manufacturing-Weld-Engineer_JR-202619474
Momentive,Summer 2027 Intern - Supplier Quality,Summer 2027,False,,Internship,,Manufacturing & Quality,US NY Niskayuna,unknown,44,,,2026-09-03T00:00:00Z,date_only,2026-09-03T11:30:58Z,https://momentive.wd1.myworkdayjobs.com/MC/job/US-NY-Niskayuna/Summer-2027-Intern---Supplier-Quality_R9737
Moog,"Intern, Design Engineering",Not stated,True,,Internship,,Mechanical Design,"Buffalo, NY",unknown,2,,,2026-09-03T00:00:00Z,date_only,2026-09-03T16:38:21Z,https://moog.wd5.myworkdayjobs.com/moog_external_career_site/job/Buffalo-NY/Intern--Design-Engineering_R-26-19259
POET,Mechanical Engineering Intern - Summer 2027,Summer 2027,False,,Internship,,Mechanical Design,"Sioux Falls, SD",unknown,,,,2026-09-03T00:00:00Z,date_only,2026-09-03T16:38:21Z,https://poet.wd1.myworkdayjobs.com/POET/job/Sioux-Falls-SD/Mechanical-Engineering-Intern---Summer-2027_R101696
Sierra Nevada Corporation,Aerospace Engineering Intern (Summer 2027),Summer 2027,False,,Internship,,Aerospace & Flight Sciences,"Dayton, OH",citizens-only,,,MATLAB; CAD,2026-09-03T00:00:00Z,date_only,2026-09-03T21:13:57Z,https://snc.wd1.myworkdayjobs.com/snc_external_career_site/job/Dayton-OH/Aerospace-Engineering-Intern--Summer-2027-_R0030727
Sierra Nevada Corporation,Mechanical Engineer Intern (Summer 2027),Summer 2027,False,,Internship,,Mechanical Design,"Dayton, OH",citizens-only,,,MATLAB; CAD,2026-09-03T00:00:00Z,date_only,2026-09-03T21:13:57Z,https://snc.wd1.myworkdayjobs.com/snc_external_career_site/job/Dayton-OH/Mechanical-Engineer-Intern--Summer-2027-_R0030744
Sierra Nevada Corporation,Test Engineering Intern (Summer 2027),Summer 2027,False,,Internship,,Test & Validation,"Dayton, OH",citizens-only,,,MATLAB; CAD,2026-09-03T00:00:00Z,date_only,2026-09-03T21:13:57Z,https://snc.wd1.myworkdayjobs.com/snc_external_career_site/job/Dayton-OH/Test-Engineering-Intern--Summer-2027-_R0030766
Sierra Nevada Corporation,Aerospace Engineering Intern (Summer 2027),Summer 2027,False,,Internship,,Aerospace & Flight Sciences,"Hagerstown, MD",citizens-only,,,MATLAB; CAD,2026-09-03T00:00:00Z,date_only,2026-09-03T21:13:57Z,https://snc.wd1.myworkdayjobs.com/snc_external_career_site/job/Hagerstown-MD/Aerospace-Engineering-Intern--Summer-2027-_R0030737
Sierra Nevada Corporation,Manufacturing Engineering Intern (Summer 2027),Summer 2027,False,,Internship,,Manufacturing & Quality,"Hagerstown, MD",citizens-only,,,MATLAB; CAD,2026-09-03T00:00:00Z,date_only,2026-09-03T21:13:57Z,https://snc.wd1.myworkdayjobs.com/snc_external_career_site/job/Hagerstown-MD/Manufacturing-Engineering-Intern--Summer-2027-_R0030784
Sierra Nevada Corporation,Mechanical Engineering Intern (Summer 2027),Summer 2027,False,,Internship,,Mechanical Design,"Hagerstown, MD",citizens-only,,,MATLAB; CAD,2026-09-03T00:00:00Z,date_only,2026-09-03T21:13:57Z,https://snc.wd1.myworkdayjobs.com/snc_external_career_site/job/Hagerstown-MD/Mechanical-Engineering-Intern--Summer-2027-_R0030748
Sierra Nevada Corporation,Quality Engineering Intern (Summer 2027),Summer 2027,False,,Internship,,Manufacturing & Quality,"Hagerstown, MD",citizens-only,,,MATLAB; CAD,2026-09-03T00:00:00Z,date_only,2026-09-03T21:13:57Z,https://snc.wd1.myworkdayjobs.com/snc_external_career_site/job/Hagerstown-MD/Quality-Engineering-Intern--Summer-2027-_R0030785
Sierra Nevada Corporation,Test Engineering Intern (Summer 2027),Summer 2027,False,,Internship,,Test & Validation,"Hagerstown, MD",citizens-only,,,MATLAB; CAD,2026-09-03T00:00:00Z,date_only,2026-09-03T21:13:57Z,https://snc.wd1.myworkdayjobs.com/snc_external_career_site/job/Hagerstown-MD/Test-Engineering-Intern--Summer-2027-_R0030772
Sierra Nevada Corporation,Aerospace Engineering Intern (Summer 2027),Summer 2027,False,,Internship,,Aerospace & Flight Sciences,"Lone Tree, CO",citizens-only,,,MATLAB; CAD,2026-09-03T00:00:00Z,date_only,2026-09-03T21:13:57Z,https://snc.wd1.myworkdayjobs.com/snc_external_career_site/job/Lone-Tree-CO/Aerospace-Engineering-Intern--Summer-2027-_R0030735
Sierra Nevada Corporation,Mechanical Engineering Intern (Summer 2027),Summer 2027,False,,Internship,,Mechanical Design,"Lone Tree, CO",citizens-only,,,MATLAB; CAD,2026-09-03T00:00:00Z,date_only,2026-09-03T21:13:57Z,https://snc.wd1.myworkdayjobs.com/snc_external_career_site/job/Lone-Tree-CO/Mechanical-Engineering-Intern--Summer-2027-_R0030745
Sierra Nevada Corporation,Test Engineering Intern (Summer 2027),Summer 2027,False,,Internship,,Test & Validation,"Lone Tree, CO",citizens-only,,,MATLAB; CAD,2026-09-03T00:00:00Z,date_only,2026-09-03T21:13:57Z,https://snc.wd1.myworkdayjobs.com/snc_external_career_site/job/Lone-Tree-CO/Test-Engineering-Intern--Summer-2027-_R0030771
Sierra Nevada Corporation,Aerospace Engineering Intern (Summer 2027 Intern),Summer 2027,False,,Internship,,Aerospace & Flight Sciences,"Plano, TX",citizens-only,,,MATLAB; CAD,2026-09-03T00:00:00Z,date_only,2026-09-03T21:13:57Z,https://snc.wd1.myworkdayjobs.com/snc_external_career_site/job/Plano-TX/Aerospace-Engineering-Intern--Summer-2027-Intern-_R0030736
Sierra Nevada Corporation,Mechanical Engineering Intern (Summer 2027),Summer 2027,False,,Internship,,Mechanical Design,"Plano, TX",citizens-only,,,MATLAB; CAD,2026-09-03T00:00:00Z,date_only,2026-09-03T21:13:57Z,https://snc.wd1.myworkdayjobs.com/snc_external_career_site/job/Plano-TX/Mechanical-Engineering-Intern--Summer-2027-_R0030746-1
Stryker,"Quality Engineering Intern, Microbiology (or Sterility Assurance) Intern",Not stated,True,,Internship,,Manufacturing & Quality,"Arlington, Tennessee",unknown,104,,CAD; LabVIEW,2026-09-03T00:00:00Z,date_only,2026-09-03T21:13:57Z,https://stryker.wd1.myworkdayjobs.com/StrykerCareers/job/Arlington-Tennessee/Quality-Engineering-Intern--Microbiology--or-Sterility-Assurance--Intern_R572936
Stryker,"Quality Engineering Intern, Microbiology (or Sterility Assurance) Intern",Not stated,True,,Internship,,Manufacturing & Quality,"Arlington, Tennessee",unknown,104,,CAD; LabVIEW,2026-09-03T00:00:00Z,date_only,2026-09-03T21:13:57Z,https://stryker.wd1.myworkdayjobs.com/StrykerCareers/job/Arlington-Tennessee/Quality-Engineering-Intern--Microbiology--or-Sterility-Assurance--Intern_R572937
Stryker,Mechanical Engineering Intern,Not stated,True,,Internship,,Mechanical Design,"Massachusetts, Virtual Address",unknown,104,,CAD; FEA,2026-09-03T00:00:00Z,date_only,2026-09-03T21:13:57Z,https://stryker.wd1.myworkdayjobs.com/StrykerCareers/job/Massachusetts-Virtual-Address/Mechanical-Engineering-Intern_R572943-1
Stryker,Packaging Engineering Intern,Not stated,True,,Internship,,Mechanical Design,"Tempe, Arizona",unknown,104,,CAD; FEA,2026-09-03T00:00:00Z,date_only,2026-09-04T04:49:57Z,https://stryker.wd1.myworkdayjobs.com/StrykerCareers/job/Tempe-Arizona/Packaging-Engineering-Intern_R572830
TRUMPF,Manufacturing Intern,Not stated,True,,Internship,,Manufacturing & Quality,"Farmington, CT",unknown,4,,SolidWorks,2026-09-03T00:00:00Z,date_only,2026-09-03T16:38:21Z,https://trumpf.wd3.myworkdayjobs.com/TRUMPF_Students/job/Farmington-CT/Manufacturing-Intern_R00042879
Hadrian,Robotics Engineer Intern,Not stated,True,,Internship,,Controls & Mechatronics,"Los Angeles, CA",citizens-only,,,Python; C++,2026-09-02T21:47:12.152+00:00,exact,2026-09-03T04:47:10Z,https://jobs.ashbyhq.com/hadrian-automation/02e33109-08c5-4db7-8881-67294c172584
Reflect Orbital,GNC Engineering Intern,Not stated,True,,Internship,,Controls & Mechatronics,"Hawthorne, CA",unknown,,$27 – $31 per hour,Python; C++,2026-09-02T21:57:15.320+00:00,exact,2026-09-03T04:47:10Z,https://jobs.ashbyhq.com/reflect-orbital/242494ac-5d48-4d46-9b3c-16a8da598108
Re:Build Manufacturing,Manufacturing Engineer Intern Fall 2026,Fall 2026,False,,Internship,,Manufacturing & Quality,"Merrimack, NH",unknown,,,FEA,2026-09-02T12:14:14-04:00,exact,2026-09-02T16:47:05Z,https://job-boards.greenhouse.io/rebuildmanufacturing/jobs/4729848005
FOTH,Structural Engineering Intern (Summer 2027),Summer 2027,False,,Internship,,Structures & FEA,"Green Bay, Wisconsin",unknown,,,CAD,2026-09-02T02:19:06Z,exact,2026-09-03T21:13:57Z,https://jobs.lever.co/foth/2dab53e6-9f06-41fe-a2c9-c9808402c1e7
FOTH,Mechanical Packaging Systems Engineering Co-op (Summer/Fall 2027),Summer 2027,False,,Co-op,,Mechanical Design,"Green Bay, Wisconsin",unknown,,,AutoCAD,2026-09-02T02:05:04Z,exact,2026-09-03T21:13:57Z,https://jobs.lever.co/foth/78374fff-0ecd-4505-9f9d-bbfb0686c51e
FOTH,Mechanical Process Engineering Intern (Summer 2027),Summer 2027,False,,Internship,,Mechanical Design,"Green Bay, Wisconsin",unknown,,,,2026-09-02T02:16:12Z,exact,2026-09-03T21:13:57Z,https://jobs.lever.co/foth/9b9e654e-cca7-463f-b0c0-fab83c0acd81
FOTH,Structural Engineering Intern (Summer 2027),Summer 2027,False,,Internship,,Structures & FEA,"Mehoopany, Pennsylvania",unknown,,,CAD,2026-09-02T02:22:16Z,exact,2026-09-03T21:13:57Z,https://jobs.lever.co/foth/b087b7bd-e1a0-41af-a2e1-46c56b6e5ccb
FOTH,Mechanical Packaging Systems Engineering Intern (Summer 2027),Summer 2027,False,,Internship,,Mechanical Design,"Green Bay, Wisconsin",unknown,,,AutoCAD,2026-09-02T02:08:06Z,exact,2026-09-03T21:13:57Z,https://jobs.lever.co/foth/c074a997-c723-4c6f-b531-686ef1461c25
FOTH,Mechanical Process Engineering Co-op (Summer/Fall 2027),Summer 2027,False,,Co-op,,Mechanical Design,"Green Bay, Wisconsin",unknown,,,,2026-09-02T02:12:29Z,exact,2026-09-03T21:13:57Z,https://jobs.lever.co/foth/d8cc43b0-5927-407f-9f0a-84bf51460354
Hermeus,Manufacturing Engineering Intern - Spring/Summer 2027,Summer 2027,False,,Internship,,Manufacturing & Quality,"Atlanta, GA",citizens-only,,25–33 USD/hr,CAD; GD&T,2026-09-02T01:22:55Z,exact,2026-09-02T04:51:16Z,https://jobs.lever.co/hermeus/1bdf3754-5649-4a50-913e-b05140cb004f
Hermeus,Manufacturing Engineering Intern - Spring/Summer/Fall 2027,Summer 2027,False,,Internship,,Manufacturing & Quality,"Los Angeles, CA",citizens-only,,25–33 USD/hr,,2026-09-02T14:59:45Z,exact,2026-09-09T16:52:46Z,https://jobs.lever.co/hermeus/5f6a6e79-9836-4c33-b40b-a2bb6c27bd06
Hermeus,Structures/Mechanical Engineering Intern - Spring/Summer 2027,Summer 2027,False,,Internship,,Structures & FEA,"Atlanta, GA",citizens-only,,25–33 USD/hr,Siemens NX; CAD; Teamcenter,2026-09-02T01:04:36Z,exact,2026-09-02T04:51:16Z,https://jobs.lever.co/hermeus/60b5d40a-1065-4bd2-8c72-6b2fb69d4761
Hermeus,Structures Engineering Intern - Spring/Summer/Fall 2027,Summer 2027,False,,Internship,,Structures & FEA,"Los Angeles, CA",citizens-only,,25–33 USD/hr,Siemens NX; CAD; GD&T; Teamcenter; DFM/DFA,2026-09-02T00:50:49Z,exact,2026-09-02T04:51:16Z,https://jobs.lever.co/hermeus/6b65768c-a8b2-4c77-8d5f-f407e32bb878
AECOM,Structural Intern- Hiring Event with AECOM - New York City,Not stated,True,,Internship,,Structures & FEA,"Piscataway, NJ, United States",unknown,246,,,2026-09-02T16:10:29.734Z,exact,2026-09-02T16:47:05Z,https://jobs.smartrecruiters.com/AECOM2/744000147036623
AECOM,Structural Intern- Hiring Event with AECOM - New York City,Not stated,True,,Internship,,Structures & FEA,"New York, NY, United States",unknown,246,,,2026-09-02T16:10:05.854Z,exact,2026-09-02T16:47:05Z,https://jobs.smartrecruiters.com/AECOM2/744000147037399
Intuitive Surgical,Mechanical Engineering Intern,Not stated,True,,Internship,,Mechanical Design,"Sunnyvale, CA, United States",unknown,14,,Python; MATLAB; SolidWorks; CAD,2026-09-02T22:49:29.677Z,exact,2026-09-03T04:47:10Z,https://jobs.smartrecruiters.com/Intuitive/744000147091674
ABB,Electrical Design Engineer Intern- Summer 2027,Summer 2027,False,,Internship,,Mechanical Design,"Fort Smith, Arkansas, United States of America",no-sponsorship,69,$20–$34/hr,,2026-09-02T00:00:00Z,date_only,2026-09-02T21:14:10Z,https://abb.wd3.myworkdayjobs.com/external_career_page/job/Fort-Smith-Arkansas-United-States-of-America/Electrical-Design-Engineer-Intern--Summer-2027_JR00045726
ABB,Mechanical Design Engineer Intern- Summer 2027,Summer 2027,False,,Internship,,Mechanical Design,"Fort Smith, Arkansas, United States of America",no-sponsorship,69,$20–$34/hr,,2026-09-02T00:00:00Z,date_only,2026-09-02T21:14:10Z,https://abb.wd3.myworkdayjobs.com/external_career_page/job/Fort-Smith-Arkansas-United-States-of-America/Mechanical-Design-Engineer-Intern--Summer-2027_JR00045727
"Axcelis Technologies, Inc.",Manufacturing Engineer Co-op Production Support,Not stated,True,,Co-op,,Manufacturing & Quality,"Beverly, MA",unknown,11,,SolidWorks; Creo; AutoCAD; Six Sigma,2026-09-02T00:00:00Z,date_only,2026-09-02T21:14:10Z,https://axcelis.wd1.myworkdayjobs.com/axcelis/job/Beverly-MA/Manufacturing-Engineer-Co-op-Production-Support_12001
"Axcelis Technologies, Inc.",Manufacturing Test Development Co-op,Not stated,True,,Co-op,,Manufacturing & Quality,"Beverly, MA",unknown,11,,SolidWorks; Creo; AutoCAD,2026-09-02T00:00:00Z,date_only,2026-09-02T21:14:10Z,https://axcelis.wd1.myworkdayjobs.com/axcelis/job/Beverly-MA/Manufacturing-Test-Development-Co-op_12009
"Axcelis Technologies, Inc.",Manufacturing Test Development Engineer Co-op,Not stated,True,,Co-op,,Manufacturing & Quality,"Beverly, MA",unknown,11,,SolidWorks; Creo; AutoCAD,2026-09-02T00:00:00Z,date_only,2026-09-02T21:14:10Z,https://axcelis.wd1.myworkdayjobs.com/axcelis/job/Beverly-MA/Manufacturing-Test-Development-Engineer-Co-op_12010
Bracco,Manufacturing Engineering Co-op,Not stated,True,,Co-op,,Manufacturing & Quality,"USA, Eden Prairie, Minnesota, 55344",unknown,,$23–$25/hr,,2026-09-02T00:00:00Z,date_only,2026-09-12T15:43:24Z,https://bracco.wd103.myworkdayjobs.com/braccocareers/job/USA-Eden-Prairie-Minnesota-55344/Manufacturing-Engineering-Co-op_JR100312
Brunswick,Supplier Quality Engineering Co-op,Not stated,True,,Co-op,,Manufacturing & Quality,"Fond du Lac, WI",unknown,54,$19–$27.5/hr,,2026-09-02T00:00:00Z,date_only,2026-09-03T04:47:10Z,https://brunswick.wd1.myworkdayjobs.com/search/job/Fond-du-Lac-WI/Co-op-Supplier-Quality-Engineering_JR-051340
Brunswick,Quality Engineering Intern,Summer 2027,False,,Internship,,Manufacturing & Quality,"New York Mills, MN",no-sponsorship,54,$18–$27/hr,SolidWorks,2026-09-02T00:00:00Z,date_only,2026-09-03T04:47:10Z,https://brunswick.wd1.myworkdayjobs.com/search/job/New-York-Mills-MN/Quality-Engineering-Intern_JR-051507
Church & Dwight,2027 Undergraduate Packaging Engineer Co-Op,Summer 2027,False,,Co-op,,Mechanical Design,"USA, Princeton, NJ",unknown,,,CAD,2026-09-02T00:00:00Z,date_only,2026-09-18T21:07:08Z,https://churchdwight.wd1.myworkdayjobs.com/chdcareers/job/USA-Princeton-NJ/XMLNAME-2027-Undergraduate-Packaging-Engineer-Co-Op_R2026-15611
Corteva,R & D Intern - Formulation and Materials Science,Not stated,True,,Internship,,Materials Engineering,"Indianapolis, Indiana, United States",unknown,63,,,2026-09-02T00:00:00Z,date_only,2026-09-02T21:14:10Z,https://corteva.wd5.myworkdayjobs.com/corteva/job/Indianapolis-Indiana-United-States/R---D-Intern---Formulation-and-Materials-Science_248125W
United Parcel Service (UPS),2027 Industrial Engineering Summer Intern - Bayonne NJ,Summer 2027,False,,Internship,,Manufacturing & Quality,US - BAYONNE CENTER (NJBAY),citizens-only,,$16–$33.44/hr,,2026-09-02T00:00:00Z,date_only,2026-09-02T21:14:10Z,https://hcmportal.wd5.myworkdayjobs.com/Search/job/US---BAYONNE-CENTER-NJBAY/XMLNAME-2027-Industrial-Engineering-Summer-Intern---Bayonne-NJ_R26030793
United Parcel Service (UPS),"2027 Industrial Engineering Summer Intern - Portland, OR",Summer 2027,False,,Internship,,Manufacturing & Quality,US - PORTLAND HUB (ORPOR),citizens-only,,,,2026-09-02T00:00:00Z,date_only,2026-09-02T16:47:05Z,https://hcmportal.wd5.myworkdayjobs.com/Search/job/US---PORTLAND-HUB-ORPOR/XMLNAME-2027-Industrial-Engineering-Summer-Intern---Portland--OR_R26030709
United Parcel Service (UPS),"2027 Industrial Engineering Summer Intern - Atlanta, GA",Summer 2027,False,,Internship,,Manufacturing & Quality,US - UPS CORPORATE OFFICES (GACOR),citizens-only,,,,2026-09-02T00:00:00Z,date_only,2026-09-02T21:14:10Z,https://hcmportal.wd5.myworkdayjobs.com/Search/job/US---UPS-CORPORATE-OFFICES-GACOR/XMLNAME-2027-Industrial-Engineering-Summer-Intern---Atlanta--GA_R26030769
United Parcel Service (UPS),"2027 Industrial Engineering Summer Intern - Salt Lake City, UT",Summer 2027,False,,Internship,,Manufacturing & Quality,US - UTAH REGIONAL HUB (UTLKE),citizens-only,,,,2026-09-02T00:00:00Z,date_only,2026-09-02T16:47:05Z,https://hcmportal.wd5.myworkdayjobs.com/Search/job/US---UTAH-REGIONAL-HUB-UTLKE/XMLNAME-2027-Industrial-Engineering-Summer-Intern---Salt-Lake-City--UT_R26030699
Moog,"Intern, Actuation Engineering",Not stated,True,,Internship,,Controls & Mechatronics,"Torrance, CA",unknown,2,,,2026-09-02T00:00:00Z,date_only,2026-09-02T16:47:05Z,https://moog.wd5.myworkdayjobs.com/moog_external_career_site/job/Torrance-CA/Intern--Actuation-Engineering_R-26-19536
Niagara Bottling,Manufacturing Intern - Allentown,Not stated,True,,Internship,,Manufacturing & Quality,"Allentown - Allentown, PA",unknown,104,,,2026-09-02T00:00:00Z,date_only,2026-09-03T04:47:10Z,https://niagarawater.wd5.myworkdayjobs.com/niagara/job/Allentown---Allentown-PA/Manufacturing-Intern---Allentown_R56046
Niagara Bottling,Manufacturing Intern - Allentown,Not stated,True,,Internship,,Manufacturing & Quality,"Allentown - Allentown, PA",unknown,104,,,2026-09-02T00:00:00Z,date_only,2026-09-02T21:14:10Z,https://niagarawater.wd5.myworkdayjobs.com/niagara/job/Allentown---Allentown-PA/Manufacturing-Intern---Allentown_R56047
Niagara Bottling,Manufacturing Intern - Atlanta,Not stated,True,,Internship,,Manufacturing & Quality,"Atlanta - Newnan, GA",unknown,104,,,2026-09-02T00:00:00Z,date_only,2026-09-02T21:14:10Z,https://niagarawater.wd5.myworkdayjobs.com/niagara/job/Atlanta---Newnan-GA/Manufacturing-Intern---Atlanta_R56048
Niagara Bottling,Manufacturing Intern - Atlanta,Not stated,True,,Internship,,Manufacturing & Quality,"Atlanta - Newnan, GA",unknown,104,,,2026-09-02T00:00:00Z,date_only,2026-09-02T21:14:10Z,https://niagarawater.wd5.myworkdayjobs.com/niagara/job/Atlanta---Newnan-GA/Manufacturing-Intern---Atlanta_R56049
Niagara Bottling,Manufacturing Intern - Baytown,Not stated,True,,Internship,,Manufacturing & Quality,"Baytown - Baytown, TX",unknown,104,,,2026-09-02T00:00:00Z,date_only,2026-09-03T04:47:10Z,https://niagarawater.wd5.myworkdayjobs.com/niagara/job/Baytown---Baytown-TX/Manufacturing-Intern---Baytown_R56050
Niagara Bottling,Manufacturing Intern - Baytown,Not stated,True,,Internship,,Manufacturing & Quality,"Baytown - Baytown, TX",unknown,104,,,2026-09-02T00:00:00Z,date_only,2026-09-03T04:47:10Z,https://niagarawater.wd5.myworkdayjobs.com/niagara/job/Baytown---Baytown-TX/Manufacturing-Intern---Baytown_R56051
Niagara Bottling,Manufacturing Intern - Carolina,Not stated,True,,Internship,,Manufacturing & Quality,"Carolina - Carolina, SC",unknown,104,,,2026-09-02T00:00:00Z,date_only,2026-09-03T04:47:10Z,https://niagarawater.wd5.myworkdayjobs.com/niagara/job/Carolina---Carolina-SC/Manufacturing-Intern---Carolina_R56052
Niagara Bottling,Manufacturing Intern - Cincinnati,Not stated,True,,Internship,,Manufacturing & Quality,"Cincinnati - Elsmere, KY",unknown,104,,,2026-09-02T00:00:00Z,date_only,2026-09-03T04:47:10Z,https://niagarawater.wd5.myworkdayjobs.com/niagara/job/Cincinnati---Elsmere-KY/Manufacturing-Intern---Cincinnati_R56053
Niagara Bottling,Manufacturing Intern - Dallas,Not stated,True,,Internship,,Manufacturing & Quality,"Dallas - Dallas, TX",unknown,104,,,2026-09-02T00:00:00Z,date_only,2026-09-03T04:47:10Z,https://niagarawater.wd5.myworkdayjobs.com/niagara/job/Dallas---Dallas-TX/Manufacturing-Intern---Dallas_R56054
Niagara Bottling,Manufacturing Intern - Hazleton,Not stated,True,,Internship,,Manufacturing & Quality,"Hazleton - Hazle Township, PA",unknown,104,,,2026-09-02T00:00:00Z,date_only,2026-09-03T04:47:10Z,https://niagarawater.wd5.myworkdayjobs.com/niagara/job/Hazleton---Hazle-Township-PA/Manufacturing-Intern---Hazleton_R56056
Niagara Bottling,Manufacturing Intern - Jacksonville,Not stated,True,,Internship,,Manufacturing & Quality,"Jacksonville - Middleburg, FL",unknown,104,,,2026-09-02T00:00:00Z,date_only,2026-09-03T04:47:10Z,https://niagarawater.wd5.myworkdayjobs.com/niagara/job/Jacksonville---Middleburg-FL/Manufacturing-Intern---Jacksonville_R56057
Niagara Bottling,Manufacturing Intern - Jacksonville,Not stated,True,,Internship,,Manufacturing & Quality,"Jacksonville - Middleburg, FL",unknown,104,,,2026-09-02T00:00:00Z,date_only,2026-09-03T04:47:10Z,https://niagarawater.wd5.myworkdayjobs.com/niagara/job/Jacksonville---Middleburg-FL/Manufacturing-Intern---Jacksonville_R56058
Niagara Bottling,Manufacturing Intern - Kansas City 2,Not stated,True,,Internship,,Manufacturing & Quality,"Kansas City 2 - Kansas City, MO",unknown,104,,,2026-09-02T00:00:00Z,date_only,2026-09-03T04:47:10Z,https://niagarawater.wd5.myworkdayjobs.com/niagara/job/Kansas-City-2---Kansas-City-MO/Manufacturing-Intern---Kansas-City-2_R56060
Niagara Bottling,Manufacturing Intern - Kenosha,Not stated,True,,Internship,,Manufacturing & Quality,"Kenosha - Pleasant Prairie, WI",unknown,104,,,2026-09-02T00:00:00Z,date_only,2026-09-03T04:47:10Z,https://niagarawater.wd5.myworkdayjobs.com/niagara/job/Kenosha---Pleasant-Prairie-WI/Manufacturing-Intern---Kenosha_R56061
Niagara Bottling,Manufacturing Intern - Lancaster,Not stated,True,,Internship,,Manufacturing & Quality,"Lancaster - Lancaster, TX",unknown,104,,,2026-09-02T00:00:00Z,date_only,2026-09-03T04:47:10Z,https://niagarawater.wd5.myworkdayjobs.com/niagara/job/Lancaster---Lancaster-TX/Manufacturing-Intern---Lancaster_R56062
Niagara Bottling,Manufacturing Intern - Louisville,Not stated,True,,Internship,,Manufacturing & Quality,"Louisville - Jeffersonville, IN",unknown,104,,,2026-09-02T00:00:00Z,date_only,2026-09-03T04:47:10Z,https://niagarawater.wd5.myworkdayjobs.com/niagara/job/Louisville---Jeffersonville-IN/Manufacturing-Intern---Louisville_R56063
Niagara Bottling,Manufacturing Intern - Mesa,Not stated,True,,Internship,,Manufacturing & Quality,"Mesa - Mesa, AZ",unknown,104,,,2026-09-02T00:00:00Z,date_only,2026-09-03T04:47:10Z,https://niagarawater.wd5.myworkdayjobs.com/niagara/job/Mesa---Mesa-AZ/Manufacturing-Intern---Mesa_R56064
Niagara Bottling,Manufacturing Intern - Miami,Not stated,True,,Internship,,Manufacturing & Quality,"Miami - Jupiter, FL",unknown,104,,,2026-09-02T00:00:00Z,date_only,2026-09-03T04:47:10Z,https://niagarawater.wd5.myworkdayjobs.com/niagara/job/Miami---Jupiter-FL/Manufacturing-Intern---Miami_R56327
Niagara Bottling,Manufacturing Intern - Pittsburgh,Not stated,True,,Internship,,Manufacturing & Quality,"Pittsburgh - Pittsburgh, PA",unknown,104,,,2026-09-02T00:00:00Z,date_only,2026-09-03T04:47:10Z,https://niagarawater.wd5.myworkdayjobs.com/niagara/job/Pittsburgh---Pittsburgh-PA/Manufacturing-Intern---Pittsburgh_R56067
Niagara Bottling,Manufacturing Intern - Rialto,Not stated,True,,Internship,,Manufacturing & Quality,"Rialto - Rialto, CA",unknown,104,,,2026-09-02T00:00:00Z,date_only,2026-09-03T04:47:10Z,https://niagarawater.wd5.myworkdayjobs.com/niagara/job/Rialto---Rialto-CA/Manufacturing-Intern---Rialto_R56068
Niagara Bottling,Manufacturing Intern - Stockton 4,Not stated,True,,Internship,,Manufacturing & Quality,"Stockton 4 - Stockton, CA",unknown,104,,,2026-09-02T00:00:00Z,date_only,2026-09-03T04:47:10Z,https://niagarawater.wd5.myworkdayjobs.com/niagara/job/Stockton-4---Stockton-CA/Manufacturing-Intern---Stockton-4_R56071
Niagara Bottling,Manufacturing Intern - Stockton 4,Not stated,True,,Internship,,Manufacturing & Quality,"Stockton 4 - Stockton, CA",unknown,104,,,2026-09-02T00:00:00Z,date_only,2026-09-03T04:47:10Z,https://niagarawater.wd5.myworkdayjobs.com/niagara/job/Stockton-4---Stockton-CA/Manufacturing-Intern---Stockton-4_R56072
Niagara Bottling,Manufacturing Intern - Tacoma,Not stated,True,,Internship,,Manufacturing & Quality,"Tacoma - Puyallup, WA",unknown,104,,,2026-09-02T00:00:00Z,date_only,2026-09-03T04:47:10Z,https://niagarawater.wd5.myworkdayjobs.com/niagara/job/Tacoma---Puyallup-WA/Manufacturing-Intern---Tacoma_R56073
Stryker,Manufacturing Engineering Intern,Not stated,True,,Internship,,Manufacturing & Quality,"Cary, Illinois",unknown,104,,Lean Manufacturing,2026-09-02T00:00:00Z,date_only,2026-09-03T04:47:10Z,https://stryker.wd1.myworkdayjobs.com/StrykerCareers/job/Cary-Illinois/Manufacturing-Engineering-Intern_R572922
Stryker,Manufacturing Engineering Intern,Not stated,True,,Internship,,Manufacturing & Quality,"Redmond, Washington",unknown,104,,Six Sigma; Lean Manufacturing,2026-09-02T00:00:00Z,date_only,2026-09-03T04:47:10Z,https://stryker.wd1.myworkdayjobs.com/StrykerCareers/job/Redmond-Washington/Manufacturing-Engineering-Intern_R572846
General Matter,Summer 2027 Internship - Mechanical Engineering (HVAC),Summer 2027,False,,Internship,,"Thermal, Fluids & Propulsion","Los Angeles, CA",unknown,,$30–$40/hr,Python; C#; AutoCAD; Airflow,2026-09-01T13:38:09-04:00,exact,2026-09-01T21:14:35Z,https://job-boards.greenhouse.io/generalmatter/jobs/5377104008
K2 Space,Mechanical  Engineering Intern – Summer 2027,Summer 2027,False,,Internship,,Mechanical Design,"Los Angeles, CA",citizens-only,,$30–$40/hr,CAD,2026-09-01T00:55:22-04:00,exact,2026-09-18T05:00:42Z,https://job-boards.greenhouse.io/k2spacecorporation/jobs/5411915008
K2 Space,GNC Engineering Intern – Summer 2027,Summer 2027,False,,Internship,,Controls & Mechatronics,"Los Angeles, CA",citizens-only,,$30–$40/hr,Python; C++; Rust; MATLAB,2026-09-01T01:02:44-04:00,exact,2026-09-18T05:00:42Z,https://job-boards.greenhouse.io/k2spacecorporation/jobs/5411917008
K2 Space,Avionics Systems/Test Engineering Intern – Summer 2027,Summer 2027,False,,Internship,,Test & Validation,"Los Angeles, CA",citizens-only,,$30–$40/hr,Python; C++; Rust; Bash; Siemens NX; CAD; Linux,2026-09-01T01:08:38-04:00,exact,2026-09-18T05:00:42Z,https://job-boards.greenhouse.io/k2spacecorporation/jobs/5411921008
Olsson,Structural Engineering Internship - Facilities,Not stated,True,,Internship,,Structures & FEA,"Omaha, NE",unknown,2,,,2026-09-01T09:00:01-04:00,exact,2026-09-01T16:51:40Z,https://job-boards.greenhouse.io/olsson/jobs/5394118008
Olsson,Mechanical Engineering Internship - Healthcare Facilities,Not stated,True,,Internship,,Mechanical Design,"Dallas, TX; Fort Worth, TX",unknown,2,,AutoCAD,2026-09-01T09:00:01-04:00,exact,2026-09-01T16:51:40Z,https://job-boards.greenhouse.io/olsson/jobs/5394239008
Olsson,Mechanical Engineering Internship - Healthcare Facilities,Not stated,True,,Internship,,Mechanical Design,"Omaha, NE",unknown,2,,AutoCAD,2026-09-01T09:00:01-04:00,exact,2026-09-01T16:51:40Z,https://job-boards.greenhouse.io/olsson/jobs/5394243008
Olsson,Mechanical Engineering Internship - Facilities,Not stated,True,,Internship,,Mechanical Design,"Oklahoma City, OK",unknown,2,,AutoCAD,2026-09-01T09:00:01-04:00,exact,2026-09-01T16:51:40Z,https://job-boards.greenhouse.io/olsson/jobs/5394246008
FOTH,Mechanical Engineering Intern (Summer 2027),Summer 2027,False,,Internship,,Mechanical Design,"Mehoopany, Pennsylvania",unknown,,,SolidWorks; CAD,2026-09-01T19:47:11Z,exact,2026-09-03T21:13:57Z,https://jobs.lever.co/foth/6cc70042-0140-4979-9878-828edf973a83
FOTH,Mechanical Engineering Co-op (Summer/Fall 2027),Summer 2027,False,,Co-op,,Mechanical Design,"Green Bay, Wisconsin",unknown,,,SolidWorks,2026-09-01T19:37:42Z,exact,2026-09-03T21:13:57Z,https://jobs.lever.co/foth/d4e4eaf1-4046-4a8d-ae73-882f39355907
Hermeus,Subsystem Test Engineering Intern - Spring/Summer 2027,Summer 2027,False,,Internship,,Test & Validation,"Atlanta, GA",citizens-only,,25–33 USD/hr,CAD,2026-09-01T15:46:08Z,exact,2026-09-01T16:51:40Z,https://jobs.lever.co/hermeus/643fd7b7-9015-43a1-aa2b-a54f117b403c
Bosch,Chassis Control Intern - Kettering University Co-Op Section B (Jan-Mar '27),Summer 2027,False,,Internship / Co-op,,Mechanical Design,"Plymouth, MI, United States",unknown,188,,,2026-09-01T18:50:45.621Z,exact,2026-09-01T21:14:35Z,https://jobs.smartrecruiters.com/BoschGroup/744000146800238
Brunswick,Mercury Marine: Materials Engineering Co-op,Not stated,True,,Co-op,,Materials Engineering,"Fond du Lac, WI",unknown,54,$18–$27.5/hr,,2026-09-01T00:00:00Z,date_only,2026-09-01T05:24:29Z,https://brunswick.wd1.myworkdayjobs.com/search/job/Fond-du-Lac-WI/Mercury-Marine--Materials-Engineering-Co-op_JR-051139
Brunswick,Mercury Marine: Mechatronics Intern,Not stated,True,,Internship,,Controls & Mechatronics,"Fond du Lac, WI",unknown,54,$18–$27.5/hr,Python; MATLAB,2026-09-01T00:00:00Z,date_only,2026-09-02T04:51:16Z,https://brunswick.wd1.myworkdayjobs.com/search/job/Fond-du-Lac-WI/Mercury-Marine--Mechatronics-Intern_JR-051269
Greenheck Group,Manufacturing Operations Co-op (WI),Not stated,True,,Co-op,,Manufacturing & Quality,"Schofield, WI",unknown,,$20/hr,Lean Manufacturing,2026-09-01T00:00:00Z,date_only,2026-09-01T21:14:35Z,https://greenheckgroup.wd5.myworkdayjobs.com/external/job/Schofield-WI/Manufacturing-Operations-Co-op--WI-_JR104525
United Parcel Service (UPS),2027 Industrial Engineering Summer Intern - Chicago IL,Summer 2027,False,,Internship,,Manufacturing & Quality,US - JEFFERSON HUB (ILJEF),citizens-only,,$16–$33.44/hr,,2026-09-01T00:00:00Z,date_only,2026-09-01T21:14:35Z,https://hcmportal.wd5.myworkdayjobs.com/Search/job/US---JEFFERSON-HUB-ILJEF/XMLNAME-2027-Industrial-Engineering-Summer-Intern---Chicago-IL_R26030597
Mondelez International,"Manufacturing- Process Engineering Co-Op(For Naperville, IL Local Candidates Only)",Summer 2027,False,,Co-op,,Manufacturing & Quality,"Naperville, Illinois, United States",unknown,,,Six Sigma,2026-09-01T00:00:00Z,date_only,2026-09-01T21:14:35Z,https://wd3.myworkdaysite.com/recruiting/mdlz/External/job/Naperville-Illinois-United-States/Manufacturing--Process-Engineering-Co-Op-For-Naperville--IL-Local-Candidates-Only-_R-176632
Moog,"Intern, Actuation Engineering",Not stated,True,,Internship,,Controls & Mechatronics,"Torrance, CA",unknown,2,,,2026-09-01T00:00:00Z,date_only,2026-09-01T16:51:40Z,https://moog.wd5.myworkdayjobs.com/moog_external_career_site/job/Torrance-CA/Actuation-Engineer-Intern--Fall-2026-_R-26-19755
Moog,Actuation Engineer Intern (Summer 2027),Summer 2027,False,,Internship,,Controls & Mechatronics,"Torrance, CA",unknown,2,,,2026-09-01T00:00:00Z,date_only,2026-09-01T16:51:40Z,https://moog.wd5.myworkdayjobs.com/moog_external_career_site/job/Torrance-CA/Actuation-Engineer-Intern--Summer-2027-_R-26-19612
Northrop Grumman,2027 Industrial Engineering Intern,Summer 2027,False,,Internship,,Manufacturing & Quality,United States-Mississippi-Iuka,citizens-only,,$17.5–$31.75/hr,,2026-09-01T00:00:00Z,date_only,2026-09-02T04:51:16Z,https://ngc.wd1.myworkdayjobs.com/Northrop_Grumman_External_Site/job/United-States-Mississippi-Iuka/XMLNAME-2027-Industrial-Engineering-Intern_R10248838
Niagara Bottling,Manufacturing Intern - Temple,Not stated,True,,Internship,,Manufacturing & Quality,"Temple - Temple, TX",unknown,104,,,2026-09-01T00:00:00Z,date_only,2026-09-01T05:24:29Z,https://niagarawater.wd5.myworkdayjobs.com/niagara/job/Temple---Temple-TX/Manufacturing-Intern---Temple_R56074
Philips,"Co-op - Manufacturing Engineering - Murrysville, PA - January-June 2027",Summer 2027,False,,Co-op,,Manufacturing & Quality,"Murrysville, Pennsylvania, United States",unknown,,,Python; Six Sigma,2026-09-01T00:00:00Z,date_only,2026-09-01T16:51:40Z,https://philips.wd3.myworkdayjobs.com/jobs-and-careers/job/Murrysville-Pennsylvania-United-States/Co-op-Manufacturing-Engineering-Murrysville--PA-January-June-2027_580754
Philips,"Co-op-Manufacturing Engineering - Reedsville, PA-January-June 2027",Summer 2027,False,,Co-op,,Manufacturing & Quality,"Reedsville, Pennsylvania, United States",unknown,,,,2026-09-01T00:00:00Z,date_only,2026-09-01T16:51:40Z,https://philips.wd3.myworkdayjobs.com/jobs-and-careers/job/Reedsville-Pennsylvania-United-States/Manufacturing-Engineering-Co-Op-January-June-2027_587807
Stanley Black & Decker,Mechanical Engineering Intern Summer 2027,Summer 2027,False,,Internship,,Mechanical Design,"Towson, MD, United States",unknown,124,$22–$27/hr,SolidWorks; AutoCAD; CAD,2026-09-01T00:00:00Z,date_only,2026-09-01T21:14:35Z,https://sbdinc.wd1.myworkdayjobs.com/Stanley_Black_Decker_Career_Site/job/Towson-MD-United-States/Mechanical-Engineering-Intern-Summer-2027_REQ-1000052017
Stryker,Quality Engineering Intern,Not stated,True,,Internship,,Manufacturing & Quality,"Flower Mound, Texas",unknown,104,,CAD; LabVIEW,2026-09-01T00:00:00Z,date_only,2026-09-02T04:51:16Z,https://stryker.wd1.myworkdayjobs.com/StrykerCareers/job/Flower-Mound-Texas/Quality-Engineering-Intern_R572886
Stryker,Mechanical Engineering Intern,Not stated,True,,Internship,,Mechanical Design,"Redmond, Washington",unknown,104,,CAD; FEA,2026-09-01T00:00:00Z,date_only,2026-09-02T04:51:16Z,https://stryker.wd1.myworkdayjobs.com/StrykerCareers/job/Redmond-Washington/Mechanical-Engineering-Intern_R572728
Stryker,Post Market Quality Engineering Intern,Not stated,True,,Internship,,Manufacturing & Quality,"Redmond, Washington",unknown,104,,CAD; FEA,2026-09-01T00:00:00Z,date_only,2026-09-01T21:14:35Z,https://stryker.wd1.myworkdayjobs.com/StrykerCareers/job/Redmond-Washington/Post-Market-Quality-Engineering-Intern_R572871
TRUMPF,CNC Programming Intern,Not stated,True,,Internship,,Manufacturing & Quality,"Farmington, CT",unknown,4,,CNC,2026-09-01T00:00:00Z,date_only,2026-09-01T16:51:40Z,https://trumpf.wd3.myworkdayjobs.com/TRUMPF_Students/job/Farmington-CT/CNC-Programming-Intern_R00042595
TRUMPF,Industrial Engineering Internship,Not stated,True,,Internship,,Manufacturing & Quality,"Farmington, CT",unknown,4,,,2026-09-01T00:00:00Z,date_only,2026-09-01T16:51:40Z,https://trumpf.wd3.myworkdayjobs.com/TRUMPF_Students/job/Farmington-CT/Industrial-Engineering-Internship_R00042497
TRUMPF,Manufacturing Intern,Not stated,True,,Internship,,Manufacturing & Quality,"Farmington, CT",unknown,4,,SolidWorks; CAD; CNC,2026-09-01T00:00:00Z,date_only,2026-09-01T16:51:40Z,https://trumpf.wd3.myworkdayjobs.com/TRUMPF_Students/job/Farmington-CT/Manufacturing-Intern_R00042282
TRUMPF,Manufacturing Intern,Not stated,True,,Internship,,Manufacturing & Quality,"Farmington, CT",unknown,4,,SolidWorks,2026-09-01T00:00:00Z,date_only,2026-09-01T16:51:40Z,https://trumpf.wd3.myworkdayjobs.com/TRUMPF_Students/job/Farmington-CT/Manufacturing-Intern_R00042598
TRUMPF,Manufacturing Smart Factory Intern,Not stated,True,,Internship,,Manufacturing & Quality,"Farmington, CT",unknown,4,,SolidWorks,2026-09-01T00:00:00Z,date_only,2026-09-01T16:51:40Z,https://trumpf.wd3.myworkdayjobs.com/TRUMPF_Students/job/Farmington-CT/Manufacturing-Smart-Factory-Intern_R00042597
TRUMPF,Mechanical Engineering Intern,Not stated,True,,Internship,,Mechanical Design,"Farmington, CT",unknown,4,,SolidWorks; CAD,2026-09-01T00:00:00Z,date_only,2026-09-01T16:51:40Z,https://trumpf.wd3.myworkdayjobs.com/TRUMPF_Students/job/Farmington-CT/Mechanical-Engineering-Intern_R00042708
TRUMPF,Mechatronics Intern,Not stated,True,,Internship,,Controls & Mechatronics,"Plymouth, MI",unknown,4,,,2026-09-01T00:00:00Z,date_only,2026-09-01T16:51:40Z,https://trumpf.wd3.myworkdayjobs.com/TRUMPF_Students/job/Plymouth-MI/Mechatronics-Intern_R00042702-1
Lexington Medical,Mechanical Engineering Intern,Summer 2027,False,,Internship,,Mechanical Design,"Bedford, MA",unknown,3,,,2026-08-31T11:13:30-04:00,exact,2026-08-31T23:04:21Z,https://job-boards.greenhouse.io/lexingtonmedical/jobs/5400185008
Lexington Medical,Manufacturing Engineering Intern,Summer 2027,False,,Internship,,Manufacturing & Quality,"Bedford, MA",unknown,3,,,2026-08-31T11:18:35-04:00,exact,2026-08-31T23:04:21Z,https://job-boards.greenhouse.io/lexingtonmedical/jobs/5404584008
Olsson,Mechanical Engineering Internship - Data Center Facilities,Summer 2027,False,,Internship,,Mechanical Design,"Dallas, TX; Fort Worth, TX; North Kansas City, MO; Omaha, NE; Tulsa, OK",unknown,2,,,2026-08-31T17:00:00-04:00,exact,2026-08-31T23:04:21Z,https://job-boards.greenhouse.io/olsson/jobs/5396012008
Olsson,Structural Engineering Internship - Federal Infrastructure,Summer 2027,False,,Internship,,Structures & FEA,"Overland Park, KS",unknown,2,,,2026-08-31T17:00:00-04:00,exact,2026-08-31T23:04:21Z,https://job-boards.greenhouse.io/olsson/jobs/5396073008
Olsson,Mechanical Engineering Internship - Federal Infrastructure,Summer 2027,False,,Internship,,Mechanical Design,"Overland Park, KS",unknown,2,,,2026-08-31T17:00:00-04:00,exact,2026-08-31T23:04:21Z,https://job-boards.greenhouse.io/olsson/jobs/5396095008
Olsson,Revit Drafting Internship - Mechanical,Not stated,True,,Internship,,Mechanical Design,"North Kansas City, MO; Tulsa, OK",unknown,2,,CAD,2026-08-31T17:00:00-04:00,exact,2026-08-31T23:04:21Z,https://job-boards.greenhouse.io/olsson/jobs/5396260008
Olsson,Mechanical Engineering Internship - Industrial Facilities,Not stated,True,,Internship,,Mechanical Design,"Des Moines, IA; Lincoln, NE; Omaha, NE",unknown,2,,AutoCAD,2026-08-31T17:05:11-04:00,exact,2026-08-31T23:04:21Z,https://job-boards.greenhouse.io/olsson/jobs/5407109008
Olsson,Structural Drafting Internship - Industrial Facilities,Summer 2027,False,,Internship,,Structures & FEA,"Des Moines, IA",unknown,2,,AutoCAD,2026-08-31T17:05:45-04:00,exact,2026-08-31T23:04:21Z,https://job-boards.greenhouse.io/olsson/jobs/5408530008
Olsson,Mechanical Engineering Internship - Substation and Power Generation,Summer 2027,False,,Internship,,Mechanical Design,"Fayetteville, AR",unknown,2,,AutoCAD; CAD,2026-08-31T17:15:08-04:00,exact,2026-08-31T23:04:21Z,https://job-boards.greenhouse.io/olsson/jobs/5411244008
Hermeus,Mechanical Engineering Intern  - Spring/Summer 2027,Summer 2027,False,,Internship,,Mechanical Design,"Los Angeles, CA",citizens-only,,25–33 USD/hr,FEA,2026-08-31T15:21:07Z,exact,2026-09-09T16:52:46Z,https://jobs.lever.co/hermeus/1bc5c858-1b04-4093-80a0-2ba3491afc60
Bosch,Mechanical Design Engineering Intern,Not stated,True,,Internship,,Mechanical Design,"Fort Lauderdale, FL, United States",unknown,188,,Siemens NX; CAD; FEA,2026-08-31T13:28:48.685Z,exact,2026-08-31T14:10:40Z,https://jobs.smartrecruiters.com/BoschGroup/744000146471610
Talentpluto,Design Engineering Intern,Not stated,True,,Internship,yes,Mechanical Design,United States (Remote),unknown,,$35–$50/hr,TypeScript; React; Next.js,2026-08-31T00:00:00.000Z,date_only,2026-09-09T11:40:53Z,https://apply.workable.com/talentpluto/j/8386B9AC8C/
Alcon,Spring + Summer 2027 Co-Op - Manufacturing Science & Technology,Summer 2027,False,,Co-op,,Manufacturing & Quality,"Houston, Texas",unknown,57,,FMEA,2026-08-31T00:00:00Z,date_only,2026-08-31T14:10:40Z,https://alcon.wd5.myworkdayjobs.com/careers_alcon/job/Houston-Texas/Fall---Spring-2026-2027-Co-Op---Manufacturing-Science---Technology_R-2026-47959
Barr,Internship – Mechanical Engineer (Hybrid),Summer 2027,False,,Internship,,Mechanical Design,"Minneapolis, MN",no-sponsorship,,,SolidWorks; AutoCAD,2026-08-31T00:00:00Z,date_only,2026-08-31T23:04:21Z,https://barr.wd1.myworkdayjobs.com/barrcareers/job/Minneapolis-MN/Internship---Mechanical-Engineer--Hybrid-_R-102306
Michelin,"Summer 2027 Internship: Mechanical Engineer (Emporia, KS)",Summer 2027,False,,Internship,,Mechanical Design,"EMPORIA, KS",unknown,,,FMEA,2026-08-31T00:00:00Z,date_only,2026-08-31T23:04:21Z,https://michelinhr.wd3.myworkdayjobs.com/Michelin/job/EMPORIA-KS/XMLNAME-2027-Summer-Mechanical-Engineer--Emporia--KS-_R-2026030587
Micron Technology,"Intern - RDA/Metrology-Process Shift Engineer, TD",Not stated,True,,Internship,,Manufacturing & Quality,"Boise, ID - Main Site",unknown,489,,Python; MATLAB,2026-08-31T00:00:00Z,date_only,2026-08-31T23:04:21Z,https://micron.wd1.myworkdayjobs.com/External/job/Boise-ID---Main-Site/Intern---RDA-Metrology-Process-Shift-Engineer--TD_JR109078
Vermeer,Quality Engineer Intern - Summer 2027,Summer 2027,False,,Internship,,Manufacturing & Quality,"Pella, Iowa, USA - Plant 3",unknown,,,GD&T; FMEA; Six Sigma; Lean Manufacturing,2026-08-31T00:00:00Z,date_only,2026-08-31T05:51:47Z,https://vermeer.wd5.myworkdayjobs.com/externalcareersite/job/Pella-Iowa-USA---Plant-3/Quality-Engineer-Intern---Summer-2027_REQ-22137
Vermeer,Test Engineering Internship Summer 2027,Summer 2027,False,,Internship,,Test & Validation,"Pella, Iowa, USA - Shop 48",unknown,,,,2026-08-31T00:00:00Z,date_only,2026-08-31T23:04:21Z,https://vermeer.wd5.myworkdayjobs.com/externalcareersite/job/Pella-Iowa-USA---Shop-48/Test-Engineering-Internship-Summer-2027_REQ-22120
Vermeer,Advanced Manufacturing Intern - Summer 2027,Summer 2027,False,,Internship,,Manufacturing & Quality,"Pella, Iowa, USA - The Center",unknown,,,,2026-08-31T00:00:00Z,date_only,2026-08-31T23:04:21Z,https://vermeer.wd5.myworkdayjobs.com/externalcareersite/job/Pella-Iowa-USA---The-Center/Advanced-Manufacturing-Intern---Summer-2027_REQ-22140
Vermeer,Design Engineer Intern - Summer 2027,Summer 2027,False,,Internship,,Mechanical Design,"Pella, Iowa, USA - The Center",unknown,,,SolidWorks; FEA,2026-08-31T00:00:00Z,date_only,2026-08-31T05:51:47Z,https://vermeer.wd5.myworkdayjobs.com/externalcareersite/job/Pella-Iowa-USA---The-Center/Design-Engineer-Intern---Summer-2027_REQ-22139
Vermeer,Manufacturing Engineer Intern - Summer 2027,Summer 2027,False,,Internship,,Manufacturing & Quality,"Pella, Iowa, USA - The Center",unknown,,,Teamcenter; Windchill; PLM; Lean Manufacturing,2026-08-31T00:00:00Z,date_only,2026-08-31T05:51:47Z,https://vermeer.wd5.myworkdayjobs.com/externalcareersite/job/Pella-Iowa-USA---The-Center/Manufacturing-Engineer-Intern---Summer-2027_REQ-22141
Micron Technology,Intern - DRAM Product Test Engineer,Not stated,True,,Internship,,Test & Validation,"Boise, ID - Main Site",unknown,489,,Python; C++; Linux,2026-08-30T00:00:00Z,date_only,2026-08-31T05:51:47Z,https://micron.wd1.myworkdayjobs.com/External/job/Boise-ID---Main-Site/DRAM-Prodcut-Test-Engineer-Intern_JR109996
Micron Technology,Intern - DRAM Product Test Engineer,Not stated,True,,Internship,,Test & Validation,"Boise, ID - Main Site",unknown,489,,Python; C++; Linux,2026-08-30T00:00:00Z,date_only,2026-08-31T05:51:47Z,https://micron.wd1.myworkdayjobs.com/External/job/Boise-ID---Main-Site/DRAM-Product-Test-Engineer-Intern_JR110025
Northwood Space,Mechanical Engineering Intern (2027 Summer Internship),Summer 2027,False,,Internship,,Mechanical Design,"Torrance, CA",citizens-only,,$36 per hour,SolidWorks; Siemens NX; CAD; ANSYS; DFM/DFA,2026-08-29T00:58:59.904+00:00,exact,2026-08-29T07:15:07Z,https://jobs.ashbyhq.com/northwoodspace/6081eebf-7021-4a3f-a34f-78c91c94fcd3
Re:Build Manufacturing,Process & Mechanical Engineer Co-op/Intern,Not stated,True,,Internship / Co-op,,Mechanical Design,"Rochester, NY",unknown,,,SolidWorks; AutoCAD; CAD; Six Sigma,2026-08-28T08:17:30-04:00,exact,2026-08-28T22:35:45Z,https://job-boards.greenhouse.io/rebuildmanufacturing/jobs/4728423005
Fortive,Test Engineer Co-Op,Fall 2026,False,,Co-op,,Test & Validation,"Everett, WA, United States",unknown,2,,,2026-08-28,date_only,2026-08-28T11:38:04Z,https://ejta.fa.us6.oraclecloud.com/hcmUI/CandidateExperience/en/sites/CX_2001/job/10562
Brunswick,Industrial Engineering-Continuous Improvement Intern,Not stated,True,,Internship,,Manufacturing & Quality,"Menomonee Falls, WI",no-sponsorship,54,$18–$27/hr,Six Sigma,2026-08-28T00:00:00Z,date_only,2026-08-31T23:04:21Z,https://brunswick.wd1.myworkdayjobs.com/search/job/Menomonee-Falls-WI/Industrial-Engineering-Intern_JR-051429
United Parcel Service (UPS),Summer 2027 Industrial Engineering Co-Op,Summer 2027,False,,Co-op,,Manufacturing & Quality,US - UPSCO GLOBAL OPERATIONS CENTER (KYLOA),citizens-only,,,SQL; GCP,2026-08-28T00:00:00Z,date_only,2026-08-28T22:35:45Z,https://hcmportal.wd5.myworkdayjobs.com/Search/job/US---UPSCO-GLOBAL-OPERATIONS-CENTER-KYLOA/Summer-2027-Industrial-Engineering-Co-Op_R26030116-1
Nidec,Quality Engineer Co-op,Not stated,True,,Co-op,,Manufacturing & Quality,"North America/USA/Missouri/St. Louis - WPE, MO",unknown,10,,Six Sigma,2026-08-28T00:00:00Z,date_only,2026-08-28T22:35:45Z,https://nidec.wd1.myworkdayjobs.com/nidec/job/North-AmericaUSAMissouriSt-Louis---WPE-MO/Quality-Engineer-Co-op_R0017397
Shield AI,Summer 2027 - Advanced Manufacturing Engineering Intern,Summer 2027,False,,Internship,,Manufacturing & Quality,"Dallas, Texas",unknown,2,34–54 USD/hr,,2026-08-27T23:18:32Z,exact,2026-08-31T23:04:21Z,https://jobs.lever.co/shieldai/c41c41a2-83d8-41a0-8a3b-ff8b84dc1c8a
ABB,Manufacturing Engineering Intern - Summer 2027,Summer 2027,False,,Internship,,Manufacturing & Quality,"USA, NJ, Hackettstown",no-sponsorship,69,$20–$34/hr,,2026-08-27T00:00:00Z,date_only,2026-08-27T22:31:50Z,https://abb.wd3.myworkdayjobs.com/external_career_page/job/USA-NJ-Hackettstown/Manufacturing-Engineering-Intern---Summer-2027_JR00044977
Air Products,Summer Intern/Co-op-Mechanical Engineering (2027),Summer 2027,False,,Internship / Co-op,,Mechanical Design,"Allentown, Pennsylvania",unknown,22,,,2026-08-27T00:00:00Z,date_only,2026-08-27T22:31:50Z,https://airproducts.wd5.myworkdayjobs.com/AP0001/job/Allentown-Pennsylvania/Summer-Intern-Co-op-Mechanical-Engineering--2027-_JR-2026-21956
Brunswick,Manufacturing Engineering Intern,Summer 2027,False,,Internship,,Manufacturing & Quality,"New York Mills, MN",no-sponsorship,54,$18–$27/hr,SolidWorks; AutoCAD; CAD,2026-08-27T00:00:00Z,date_only,2026-08-28T11:38:04Z,https://brunswick.wd1.myworkdayjobs.com/search/job/New-York-Mills-MN/Manufacturing-Engineering-Intern_JR-051341-1
Daikin Applied,HVAC Test Technician Intern,Not stated,True,,Internship,,"Thermal, Fluids & Propulsion","Plymouth, MN 55441",no-sponsorship,3,,,2026-08-27T00:00:00Z,date_only,2026-08-28T22:35:45Z,https://daikinapplied.wd1.myworkdayjobs.com/Daikin-Careers/job/Plymouth-MN-55441/HVAC-Test-Technician-Intern_R003120-1
Micron Technology,Intern - Process Quality Engineering,Not stated,True,,Internship,,Manufacturing & Quality,"Boise, ID - ID1",unknown,489,,,2026-08-27T00:00:00Z,date_only,2026-08-27T22:31:50Z,https://micron.wd1.myworkdayjobs.com/External/job/Boise-ID---ID1/Intern---Process-Quality-Engineering_JR109159
Talentpluto,Design Engineering Intern,Not stated,True,,Internship,yes,Mechanical Design,United States (Remote),unknown,,$35–$50/hr,TypeScript; React; Next.js,2026-08-26T00:00:00.000Z,date_only,2026-08-28T11:38:04Z,https://apply.workable.com/talentpluto/j/957E9F890B/
Brunswick,Mercury Marine: Manufacturing/Industrial Engineering Co-op,Not stated,True,,Co-op,,Manufacturing & Quality,"Fond du Lac, WI",unknown,54,$18–$27.5/hr,,2026-08-26T00:00:00Z,date_only,2026-08-26T20:17:25Z,https://brunswick.wd1.myworkdayjobs.com/search/job/Fond-du-Lac-WI/Mercury-Marine--Manufacturing-Industrial-Engineering-Co-op_JR-051389
Brunswick,Mercury Marine: Materials Engineering Co-op,Not stated,True,,Co-op,,Materials Engineering,"Fond du Lac, WI",unknown,54,$18–$27.5/hr,,2026-08-26T00:00:00Z,date_only,2026-08-26T20:17:25Z,https://brunswick.wd1.myworkdayjobs.com/search/job/Fond-du-Lac-WI/Mercury-Marine--Materials-Engineering-Co-op_JR-051138
Brunswick,Mercury Marine: Mechanical Engineering Intern,Summer 2027,False,,Internship,,Mechanical Design,"Fond du Lac, WI",unknown,54,$18–$27.5/hr,Creo; CAD,2026-08-26T00:00:00Z,date_only,2026-08-26T20:17:25Z,https://brunswick.wd1.myworkdayjobs.com/search/job/Fond-du-Lac-WI/Mercury-Marine--Mechanical-Engineering-Intern_JR-051390
Brunswick,Mercury Marine: Quality Engineering Co-op,Not stated,True,,Co-op,,Manufacturing & Quality,"Fond du Lac, WI",unknown,54,$18–$27.5/hr,,2026-08-26T00:00:00Z,date_only,2026-08-26T20:17:25Z,https://brunswick.wd1.myworkdayjobs.com/search/job/Fond-du-Lac-WI/Mercury-Marine--Quality-Engineering-Co-op_JR-051391
Chamberlain Group,Manufacturing Process Documentation Intern (Summer 2027),Summer 2027,False,,Internship,,Manufacturing & Quality,"Malvern, AR",unknown,33,,,2026-08-26T00:00:00Z,date_only,2026-08-26T20:17:25Z,https://chamberlain.wd1.myworkdayjobs.com/Chamberlain_Group/job/Malvern-AR/Manufacturing-Process-Documentation-Intern--Summer-2027-_JR31463
IMEG,"Mechanical Engineering Intern | Columbus, OH",Summer 2027,False,,Internship,,Mechanical Design,"Columbus, OH",unknown,10,$22/hr,AutoCAD,2026-08-26T00:00:00Z,date_only,2026-08-27T10:05:15Z,https://wd1.myworkdaysite.com/recruiting/imeg/Imeg_Careers/job/Columbus-OH/Mechanical-Engineering-Intern---Columbus--OH_R-16523
Northrop Grumman,2026 Part-Time Mechanical Engineering Intern - Chandler AZ,Fall 2026,False,,Internship,,Mechanical Design,United States-Arizona-Chandler,citizens-only,,$17.75–$32.75/hr,,2026-08-26T00:00:00Z,date_only,2026-08-27T10:05:15Z,https://ngc.wd1.myworkdayjobs.com/Northrop_Grumman_External_Site/job/United-States-Arizona-Chandler/XMLNAME-2026-Part-Time-Mechanical-Engineering-Intern---Chandler-AZ_R10247965
Amcor,Product Development Engineering Intern,Not stated,True,,Internship,,Mechanical Design,RPSNA Lawrence KS,unknown,5,,,2026-08-25T00:00:00Z,date_only,2026-08-25T19:10:57Z,https://amcor.wd5.myworkdayjobs.com/amcor_external_career_site/job/RPSNA-Lawrence-KS/Product-Development-Engineering-Intern_REQ_95108
Brunswick,Mercury Marine - Heat Treat Metallurgical Engineer Co-op,Not stated,True,,Co-op,,Materials Engineering,"Fond du Lac, WI",unknown,54,$18–$27.5/hr,,2026-08-25T00:00:00Z,date_only,2026-08-26T02:09:17Z,https://brunswick.wd1.myworkdayjobs.com/search/job/Fond-du-Lac-WI/Mercury-Marine---Heat-Treat-Metallurgical-Engineer-Co-op_JR-051013
Brunswick,Mercury Marine: Advanced Manufacturing/Operations Analytics Engineering Co-op,Summer 2027,False,,Co-op,,Manufacturing & Quality,"Fond du Lac, WI",unknown,54,$18–$27.5/hr,SQL; CAD; Six Sigma; Azure,2026-08-25T00:00:00Z,date_only,2026-08-25T19:10:57Z,https://brunswick.wd1.myworkdayjobs.com/search/job/Fond-du-Lac-WI/Mercury-Marine--Advanced-Manufacturing-Operations-Analytics-Engineering-Co-op_JR-051238
Brunswick,Mercury Marine: Materials Engineering Intern,Not stated,True,,Internship,,Materials Engineering,"Fond du Lac, WI",unknown,54,$18–$27.5/hr,,2026-08-25T00:00:00Z,date_only,2026-08-26T02:09:17Z,https://brunswick.wd1.myworkdayjobs.com/search/job/Fond-du-Lac-WI/Mercury-Marine--Materials-Engineering-Intern_JR-051117
Brunswick,Mechanical Engineer Co-op/Intern,Summer 2027,False,,Internship / Co-op,,Mechanical Design,"Lowell, MI",no-sponsorship,54,$18–$27/hr,CAD,2026-08-25T00:00:00Z,date_only,2026-08-25T19:10:57Z,https://brunswick.wd1.myworkdayjobs.com/search/job/Lowell-MI/Mechanical-Engineer-Co-op-Intern_JR-051322
Brunswick,Electro - Mechanical Engineering Intern,Not stated,True,,Internship,,Mechanical Design,"Menomonee Falls, WI",no-sponsorship,54,$18–$27/hr,Creo; CAD,2026-08-25T00:00:00Z,date_only,2026-08-25T19:10:57Z,https://brunswick.wd1.myworkdayjobs.com/search/job/Menomonee-Falls-WI/Electro---Mechanical-Engineering-Intern_JR-051298
Brunswick,Mechanical Engineering Intern,Not stated,True,,Internship,,Mechanical Design,"Menomonee Falls, WI",unknown,54,$18–$27/hr,SolidWorks; Creo,2026-08-25T00:00:00Z,date_only,2026-08-25T19:10:57Z,https://brunswick.wd1.myworkdayjobs.com/search/job/Menomonee-Falls-WI/Mechanical-Engineering-Intern_JR-051231
IMEG,"Structural Intern | Fairfax, VA",Summer 2027,False,,Internship,,Structures & FEA,"Washington, DC",unknown,10,$22–$25/hr,AutoCAD,2026-08-25T00:00:00Z,date_only,2026-08-25T19:10:57Z,https://wd1.myworkdaysite.com/recruiting/imeg/Imeg_Careers/job/Washington-DC/Structural-Intern---Fairfax--VA_R-16618
Sensata,Mechanical Engineer Intern (Dynapower) - Summer 2027,Summer 2027,False,,Internship,,Mechanical Design,"Dynapower South Burlington, VT",citizens-only,24,,,2026-08-25T00:00:00Z,date_only,2026-08-25T19:10:57Z,https://sensata.wd1.myworkdayjobs.com/Sensata-Careers/job/Dynapower-South-Burlington-VT/Mechanical-Engineer-Intern--Dynapower----Summer-2027_IRC98334
Meridian Partners,Mechanical Engineer Co-op,Not stated,True,,Co-op,,Mechanical Design,"Cambridge, MA",citizens-only,,,SolidWorks; CAD; CNC,2026-08-24T22:29:42-04:00,exact,2026-08-25T07:18:21Z,https://job-boards.greenhouse.io/morsecorpcoop/jobs/7968311003
Meridian Partners,Aerospace Algorithms Engineer Co-op,Not stated,True,,Co-op,,Aerospace & Flight Sciences,"Cambridge, MA, Arlington, VA, Seattle, WA",citizens-only,,,Python,2026-08-24T23:01:14-04:00,exact,2026-08-25T07:18:21Z,https://job-boards.greenhouse.io/morsecorpcoop/jobs/7968520003
Meridian Partners,Aerospace Algorithms Engineer Graduate Co-op,Not stated,True,,Co-op,,Aerospace & Flight Sciences,"Cambridge, MA, Arlington, VA, Seattle, WA",citizens-only,,,Python,2026-08-24T23:01:16-04:00,exact,2026-08-25T07:18:21Z,https://job-boards.greenhouse.io/morsecorpcoop/jobs/7968522003
The Walt Disney Company,"Disneyland Quality Engineering Intern, Fall 2026",Fall 2026,False,,Internship,,Manufacturing & Quality,"Anaheim, CA, USA",unknown,2,$30/hr,,2026-08-24T00:00:00Z,date_only,2026-08-24T13:26:00Z,https://disney.wd5.myworkdayjobs.com/disneycareer/job/Anaheim-CA-USA/Disneyland-Quality-Engineering-Intern--Fall-2026_10158416-2
The Walt Disney Company,"Walt Disney World Workforce Management Industrial Engineering Intern, Spring/Summer 2027",Summer 2027,False,,Internship,,Manufacturing & Quality,"Lake Buena Vista, FL, USA",unknown,2,$31/hr,Python; SQL; Tableau,2026-08-24T00:00:00Z,date_only,2026-08-24T07:40:03Z,https://disney.wd5.myworkdayjobs.com/disneycareer/job/Lake-Buena-Vista-FL-USA/Walt-Disney-World-Workforce-Management-Industrial-Engineering-Intern--Spring-Summer-2027_10158144
Watts Water,Manufacturing Engineer Intern Summer 2027,Summer 2027,False,,Internship,,Manufacturing & Quality,"St Pauls, NC",unknown,4,,Lean Manufacturing,2026-08-24T00:00:00Z,date_only,2026-08-25T02:03:54Z,https://wattswater.wd5.myworkdayjobs.com/Intern-External/job/St-Pauls-NC/Manufacturing-Engineer-Intern-Summer-2027_10017388
Micron Technology,Intern - TD Site Industrial Engineer,Not stated,True,,Internship,,Manufacturing & Quality,"Boise, ID - Main Site",unknown,489,,Python; SQL; Tableau,2026-08-23T00:00:00Z,date_only,2026-08-23T18:58:01Z,https://micron.wd1.myworkdayjobs.com/External/job/Boise-ID---Main-Site/Intern---TD-Site-Industrial-Engineer_JR108729
Atoms,Mechanical Design Engineering Intern‬,Not stated,True,,Internship,,Mechanical Design,"Pittsburgh, PA",unknown,,$25–$35/hr,CAD,2026-08-21T17:41:33-04:00,exact,2026-08-26T20:17:25Z,https://job-boards.greenhouse.io/cssmerge/jobs/8695490002
Elanco,"Manufacturing Scientist/Quality Control Chemist Intern – Clinton, Indiana (Summer 2027)",Summer 2027,False,,Internship,,Manufacturing & Quality,"Clinton, IN",unknown,6,$20–$40/hr,,2026-08-21T00:00:00Z,date_only,2026-08-21T19:08:59Z,https://elanco.wd5.myworkdayjobs.com/External_Career/job/Clinton-IN/Manufacturing-Scientist-Quality-Control-Chemist-Intern---Clinton--Indiana--Summer-2027-_R0026870
Elanco,Manufacturing Scientist/Technical Services Intern – Elanco Technology Center (Summer 2027),Summer 2027,False,,Internship,,Manufacturing & Quality,"Indianapolis, IN",unknown,6,$20–$40/hr,,2026-08-21T00:00:00Z,date_only,2026-08-21T19:08:59Z,https://elanco.wd5.myworkdayjobs.com/External_Career/job/Indianapolis-IN/Manufacturing-Scientist-Technical-Services-Intern---Elanco-Technology-Center--Summer-2027-_R0026897
Micron Technology,Intern - Metrology Process Development Engineer,Not stated,True,,Internship,,Manufacturing & Quality,"Boise, ID - Main Site",unknown,489,,Python; C++; MATLAB,2026-08-21T00:00:00Z,date_only,2026-08-22T02:00:50Z,https://micron.wd1.myworkdayjobs.com/External/job/Boise-ID---Main-Site/Intern---Metrology-Process-Development-Engineer_JR108851
General Matter,Summer 2027 Internship - Manufacturing Engineering,Summer 2027,False,,Internship,,Manufacturing & Quality,"Los Angeles, CA",unknown,,$30–$40/hr,CAD; GD&T,2026-08-20T21:06:46-04:00,exact,2026-08-21T02:06:59Z,https://job-boards.greenhouse.io/generalmatter/jobs/5376060008
Elanco,"Manufacturing Associate Intern – Elwood, Kansas (Summer 2027)",Summer 2027,False,,Internship,,Manufacturing & Quality,"Elwood, KS",unknown,6,$20–$40/hr,,2026-08-20T00:00:00Z,date_only,2026-08-21T02:06:59Z,https://elanco.wd5.myworkdayjobs.com/External_Career/job/Elwood-KS/Manufacturing-Associate-Intern---Elwood--Kansas--Summer-2027-_R0026899
IMEG,"Mechanical Engineering Intern | Greenwood Village, CO",Summer 2027,False,,Internship,,Mechanical Design,"Denver Metro, CO",unknown,10,$22–$24/hr,AutoCAD,2026-08-20T00:00:00Z,date_only,2026-08-20T19:12:02Z,https://wd1.myworkdaysite.com/recruiting/imeg/Imeg_Careers/job/Denver-Metro-CO/Mechanical-Engineering-Intern---Greenwood-Village--CO_R-16570-1
Scotts Miracle-Gro,EHS Manufacturing Intern,Not stated,True,,Internship,,Manufacturing & Quality,"Marysville, OH",unknown,,$19–$24/hr,,2026-08-20T00:00:00Z,date_only,2026-08-21T02:06:59Z,https://scottsmiraclegro.wd5.myworkdayjobs.com/smgexternal/job/Marysville-OH/EHS-Manufacturing-Intern_R26379-1
North Wind Group,Structural Engineering Intern 04206 LBYD,Not stated,True,,Internship,,Structures & FEA,"HUNTSVILLE, AL",unknown,,,,2026-08-19T19:43:51.263Z,exact,2026-08-20T02:02:35Z,https://north-wind-group.breezy.hr/p/206627bdd565-structural-engineering-intern-04206-lbyd
Freeform,Manufacturing Engineering Intern (Summer 2027),Summer 2027,False,,Internship,,Manufacturing & Quality,"Los Angeles, CA (On-site)",unknown,,$30/hr,CNC; DFM/DFA,2026-08-19T18:59:11-04:00,exact,2026-08-20T02:02:35Z,https://job-boards.greenhouse.io/freeformfuturecorp/jobs/7895700003
Freeform,Materials Engineering Intern (Summer 2027),Summer 2027,False,,Internship,,Materials Engineering,"Los Angeles, CA (On-site)",unknown,,$30/hr,,2026-08-19T18:53:47-04:00,exact,2026-08-20T02:02:35Z,https://job-boards.greenhouse.io/freeformfuturecorp/jobs/7907965003
Elanco,"Manufacturing Scientist/Technical Services Intern – Clinton, Indiana (Summer 2027)",Summer 2027,False,,Internship,,Manufacturing & Quality,"Clinton, IN",unknown,6,$20–$40/hr,,2026-08-19T00:00:00Z,date_only,2026-08-20T02:02:35Z,https://elanco.wd5.myworkdayjobs.com/External_Career/job/Clinton-IN/Manufacturing-Scientist-Technical-Services-Intern---Clinton--Indiana--Summer-2027-_R0026869-1
IMEG,"Mechanical Engineering Intern | Greenwood Village, CO",Summer 2027,False,,Internship,,Mechanical Design,"Denver Metro, CO",unknown,10,$22–$24/hr,AutoCAD,2026-08-19T00:00:00Z,date_only,2026-08-19T19:06:01Z,https://wd1.myworkdaysite.com/recruiting/imeg/Imeg_Careers/job/Denver-Metro-CO/Mechanical-Engineering-Intern---Greenwood-Village--CO_R-16558
Johnson & Johnson,Automation & Robotics Engineering Spring Co-op,Not stated,True,,Co-op,,Controls & Mechatronics,"Santa Clara, California, United States of America",unknown,8,$27/hr,Python; C++; MATLAB; Computer Vision; ROS,2026-08-19T00:00:00Z,date_only,2026-08-19T19:06:01Z,https://jj.wd5.myworkdayjobs.com/JJ/job/Santa-Clara-California-United-States-of-America/Automation---Robotics-Engineering-Spring-Co-op_R-093526
H3X Technologies,Advanced Manufacturing Engineering Intern (Spring),Summer 2027,False,,Internship,,Manufacturing & Quality,"Louisville, Colorado",unknown,,$23–$37/hr,SolidWorks; GD&T; Lean Manufacturing,2026-08-18T17:11:32.170+00:00,exact,2026-08-18T19:07:57Z,https://jobs.ashbyhq.com/h3x-technologies/6af49576-a61d-480c-b155-3e034e2ed5be
H3X Technologies,Mechanical Design Engineer Intern (Spring),Not stated,True,,Internship,,Mechanical Design,"Louisville, Colorado",unknown,,$23–$37/hr,SolidWorks; GD&T; FEA; CFD; Tolerance Analysis,2026-08-18T17:02:55.814+00:00,exact,2026-08-18T19:07:57Z,https://jobs.ashbyhq.com/h3x-technologies/7add5fe2-8e3e-4817-b88a-34d803ba86f9
H3X Technologies,Test Engineering Intern (Spring),Summer 2027,False,,Internship,,Test & Validation,"Louisville, Colorado",unknown,,$23–$37/hr,SolidWorks,2026-08-18T18:51:36.580+00:00,exact,2026-08-18T19:07:57Z,https://jobs.ashbyhq.com/h3x-technologies/be8855c5-f8c7-4f09-bd3f-04ecbcf4b42d
Freeform,Mechanical Engineering Intern (Summer 2027),Summer 2027,False,,Internship,,Mechanical Design,"Los Angeles, CA (On-site)",unknown,,$30/hr,Tolerance Analysis,2026-08-18T13:58:31-04:00,exact,2026-08-18T19:07:57Z,https://job-boards.greenhouse.io/freeformfuturecorp/jobs/7894117003
Conagra Brands,Manufacturing Co-Op,Fall 2026,False,,Co-op,,Manufacturing & Quality,"Waterloo, Iowa",unknown,14,$19/hr,,2026-08-18T00:00:00Z,date_only,2026-08-19T02:03:07Z,https://conagrabrands.wd1.myworkdayjobs.com/Careers_US/job/Waterloo-Iowa/Manufacturing-Co-Op_Req-039806
IMEG,"Structural Engineering Intern | Minneapolis, MN",Summer 2027,False,,Internship,,Structures & FEA,"Minneapolis, MN",unknown,10,$22–$24/hr,AutoCAD,2026-08-18T00:00:00Z,date_only,2026-08-19T02:03:07Z,https://wd1.myworkdaysite.com/recruiting/imeg/Imeg_Careers/job/Minneapolis-MN/Structural-Engineering-Intern---Minneapolis--MN_R-16483
Northrop Grumman,2027 Guidance Navigation and Control Intern Dulles VA,Summer 2027,False,,Internship,,Controls & Mechatronics,United States-Virginia-Dulles,citizens-only,,,C++; MATLAB; Simulink; Git,2026-08-18T00:00:00Z,date_only,2026-08-18T19:07:57Z,https://ngc.wd1.myworkdayjobs.com/Northrop_Grumman_External_Site/job/United-States-Virginia-Dulles/XMLNAME-2027-Guidance-Navigation-and-Control-Intern-Dulles-VA_R10246322
IMEG,"Structural Engineering Intern | Dallas, TX",Summer 2027,False,,Internship,,Structures & FEA,"Dallas, TX",unknown,10,,AutoCAD,2026-08-17T00:00:00Z,date_only,2026-08-17T19:09:08Z,https://wd1.myworkdaysite.com/recruiting/imeg/Imeg_Careers/job/Dallas-TX/Structural-Engineering-Intern---Dallas--TX_R-16424
IMEG,"Structural Engineering Intern | Houston, TX",Summer 2027,False,,Internship,,Structures & FEA,"Houston, TX",unknown,10,,AutoCAD,2026-08-17T00:00:00Z,date_only,2026-08-17T19:09:08Z,https://wd1.myworkdaysite.com/recruiting/imeg/Imeg_Careers/job/Houston-TX/Structural-Engineering-Intern---Houston--TX_R-15014
IMEG,"Mechanical Engineering Intern | Madison, WI",Summer 2027,False,,Internship,,Mechanical Design,"Madison, WI",unknown,10,$22–$24/hr,AutoCAD,2026-08-17T00:00:00Z,date_only,2026-08-17T19:09:08Z,https://wd1.myworkdaysite.com/recruiting/imeg/Imeg_Careers/job/Madison-WI/Mechanical-Engineering-Intern---Madison--WI_R-16461
IMEG,"Mechanical Engineering Intern | Minneapolis, MN",Summer 2027,False,,Internship,,Mechanical Design,"Minneapolis, MN",unknown,10,$22–$24/hr,AutoCAD,2026-08-17T00:00:00Z,date_only,2026-08-18T02:00:42Z,https://wd1.myworkdaysite.com/recruiting/imeg/Imeg_Careers/job/Minneapolis-MN/Mechanical-Engineering-Intern---Minneapolis--MN_R-16463
Micron Technology,Intern - DRAM Design Engineer,Not stated,True,,Internship,,Mechanical Design,"Boise, ID - Main Site",unknown,489,,,2026-08-17T00:00:00Z,date_only,2026-08-17T07:33:46Z,https://micron.wd1.myworkdayjobs.com/External/job/Boise-ID---Main-Site/Intern---DRAM-Design-Engineer_JR108458
GlobalFoundries,"US Advanced Manufacturing Equipment Engineering Intern, Junior (Summer 2027)",Summer 2027,False,,Internship,,Manufacturing & Quality,USA - Vermont - Essex Junction,unknown,110,,,2026-08-14T00:00:00Z,date_only,2026-08-25T13:28:08Z,https://globalfoundries.wd1.myworkdayjobs.com/External/job/USA---Vermont---Essex-Junction/US-Advanced-Manufacturing-Equipment-Engineering-Intern--Junior--Summer-2027-_JR-2604666
Amazon,"Automation Engineer Intern, (Nationwide) - Summer 2027",Summer 2027,False,,Internship,,Controls & Mechatronics,"Mt. Juliet, Tennessee, USA",no-sponsorship,23139,,,2026-08-13T00:00:00Z,date_only,2026-08-14T03:09:41Z,https://www.amazon.jobs/en/jobs/10501526/automation-engineer-intern-nationwide-summer-2027
Diversified Automation,Controls Engineering Co-op,Not stated,True,,Co-op,,Controls & Mechatronics,"Louisville, KY",unknown,,,,2026-08-13T15:31:52Z,exact,2026-08-13T19:38:30Z,https://jobs.lever.co/diversified-automation/02ac2964-5362-4ff2-934c-b122ba26c365
Micron Technology,"Intern - Digital IP Design Engineer, DRAM",Not stated,True,,Internship,,Mechanical Design,"Boise, ID - Main Site",unknown,489,,Python; MATLAB; LLMs; Verilog,2026-08-13T00:00:00Z,date_only,2026-08-13T19:38:30Z,https://micron.wd1.myworkdayjobs.com/External/job/Boise-ID---Main-Site/Intern---Digital-IP-Design-Engineer--DRAM_JR108533
Nexus Engineering Group,Instrumentation & Controls Engineer Intern or Co-Op (Summer 2027),Summer 2027,False,,Internship / Co-op,,Controls & Mechatronics,"Cleveland, OH",unknown,2,,AutoCAD,2026-08-12T19:35:16Z,exact,2026-09-04T16:34:33Z,https://jobs.lever.co/nexuse-group/9732456a-5672-4cf2-bcdb-721159c0d8a6
Ameren,CAD Technician Co-op,Summer 2027,False,,Co-op,,Mechanical Design,"St. Louis, MO",unknown,17,,,2026-08-12T00:00:00Z,date_only,2026-08-13T03:10:46Z,https://ameren.wd1.myworkdayjobs.com/External/job/St-Louis-MO/CAD-Technician-Co-op_033920-1
Odys Aviation,Mechanical Engineering Intern/Co-Op [Propulsion],Not stated,True,,Internship / Co-op,,"Thermal, Fluids & Propulsion",Long Beach CA,unknown,,,SolidWorks; Siemens NX; CAD,2026-08-11T20:40:33.146+00:00,exact,2026-08-12T02:57:02Z,https://jobs.ashbyhq.com/odys-aviation/8f5e460a-98a4-4fd8-b880-d22071faa29f
MKS Instruments,2027 Summer Mechanical Automation Engineering Intern,Summer 2027,False,,Internship,,Controls & Mechatronics,"Milpitas, CA",citizens-only,7,$27–$31/hr,Python; SolidWorks; CAD,2026-08-11T00:00:00Z,date_only,2026-08-11T19:37:08Z,https://mksinst.wd1.myworkdayjobs.com/MKSCareersUniversity/job/Milpitas-CA/XMLNAME-2027-Summer-Mechanical-Automation-Engineering-Intern_R20744
Teledyne,Mechanical Engineering Intern,Not stated,True,,Internship,,Mechanical Design,"US - Miamisburg, OH",citizens-only,5,,SolidWorks,2026-08-10T00:00:00Z,date_only,2026-08-10T13:58:02Z,https://flir.wd1.myworkdayjobs.com/flircareers/job/US---Miamisburg-OH/Mechanical-Engineering-Intern_REQ35562
Micron Technology,Intern - DRAM Design Engineer,Not stated,True,,Internship,,Mechanical Design,"Boise, ID - Main Site",unknown,489,,Verilog,2026-08-10T00:00:00Z,date_only,2026-08-11T07:49:50Z,https://micron.wd1.myworkdayjobs.com/External/job/Boise-ID---Main-Site/Intern---DRAM-Design-Engineer_JR108448
Micron Technology,Intern - DRAM Design Engineer,Not stated,True,,Internship,,Mechanical Design,"Boise, ID - Main Site",unknown,489,,CAD; LLMs,2026-08-10T00:00:00Z,date_only,2026-08-11T07:49:50Z,https://micron.wd1.myworkdayjobs.com/External/job/Boise-ID---Main-Site/Intern---DRAM-Design-Engineer_JR108468
Micron Technology,Intern - DRAM IP Circuits Design Engineer,Not stated,True,,Internship,,Mechanical Design,"Boise, ID - Main Site",unknown,489,,Python; MATLAB; LLMs; Verilog,2026-08-10T00:00:00Z,date_only,2026-08-11T07:49:50Z,https://micron.wd1.myworkdayjobs.com/External/job/Boise-ID---Main-Site/Intern---DRAM-IP-Circuits-Design-Engineer_JR108471
Bosch,Internship Vehicle Thermal Systems Engineering,Not stated,True,,Internship,,"Thermal, Fluids & Propulsion","Farmington Hills, MI, United States",unknown,188,,,2026-08-07T15:49:10.910Z,exact,2026-08-07T19:28:54Z,https://jobs.smartrecruiters.com/BoschGroup/744000142173185
Moog,"Intern, Industrial Engineering",Not stated,True,,Internship,,Manufacturing & Quality,"Buffalo, NY",unknown,2,,,2026-08-07T00:00:00Z,date_only,2026-08-07T19:28:54Z,https://moog.wd5.myworkdayjobs.com/moog_external_career_site/job/Buffalo-NY/Intern--Industrial-Engineering_R-26-19319
Northrop Grumman,2027 Operations Manufacturing Engineering Intern,Summer 2027,False,,Internship,,Manufacturing & Quality,United States-California-Palmdale,citizens-only,,$21.5–$39/hr,,2026-08-07T00:00:00Z,date_only,2026-08-08T02:31:48Z,https://ngc.wd1.myworkdayjobs.com/Northrop_Grumman_External_Site/job/United-States-California-Palmdale/XMLNAME-2027-Operations-Manufacturing-Engineering-Intern_R10244597
Bosch,Quality Engineering Co-op - Fall 2026,Fall 2026,False,,Co-op,,Manufacturing & Quality,"Pineville, NC, United States",unknown,188,,,2026-08-06T13:31:11.900Z,exact,2026-08-06T14:45:46Z,https://jobs.smartrecruiters.com/BoschGroup/744000141923029
GlobalFoundries,IP & Design Engineering Intern (Fall 2026),Fall 2026,False,,Internship,,Mechanical Design,USA - Texas - Richardson,unknown,110,,,2026-08-06T00:00:00Z,date_only,2026-08-06T14:45:46Z,https://globalfoundries.wd1.myworkdayjobs.com/External/job/USA---Texas---Richardson/XMLNAME-1H-University-Intern---PVD-Equipment_JR-2502699
Merck,2026 Future Talent Program – Manufacturing and Reliability Engineering Co-Op,Fall 2026,False,,Co-op,,Manufacturing & Quality,USA - Pennsylvania - West Point,unknown,,,,2026-08-04T00:00:00Z,date_only,2026-08-05T06:24:39Z,https://msd.wd5.myworkdayjobs.com/searchjobs/job/USA---Pennsylvania---West-Point/XMLNAME-2026-Future-Talent-Program---Manufacturing-and-Reliability-Engineering-Co-Op_R395901
Figure,Power Systems Integration Intern [Fall 2026],Fall 2026,False,,Internship,,Systems Engineering,"San Jose, CA",unknown,4,$40–$45/hr,Python; Linux,2026-08-03T19:00:39-04:00,exact,2026-08-05T06:24:39Z,https://job-boards.greenhouse.io/figureai/jobs/4702104006
Bosch,Project Management / Test Engineering Intern,Not stated,True,,Internship,,Test & Validation,"Plymouth, MI, United States",unknown,188,,,2026-08-03T19:26:16.723Z,exact,2026-08-05T06:24:39Z,https://jobs.smartrecruiters.com/BoschGroup/744000141334799
Northrop Grumman,2026 Fall Co-op Manufacturing Engineering - Baltimore MD,Fall 2026,False,,Co-op,,Manufacturing & Quality,United States-Maryland-Linthicum,citizens-only,,$19.75–$36.25/hr,,2026-08-03T00:00:00Z,date_only,2026-08-05T06:24:39Z,https://ngc.wd1.myworkdayjobs.com/Northrop_Grumman_External_Site/job/United-States-Maryland-Linthicum/XMLNAME-2026-Fall-Co-op-Manufacturing-Engineering---Baltimore-MD_R10243390-1
Gevernova,GE Vernova Nuclear - Manufacturing Intern (Summer 2027),Summer 2027,False,,Internship,,Manufacturing & Quality,Wilmington NC USA,no-sponsorship,,$21/hr,Lean Manufacturing,2026-07-31T00:00:00Z,date_only,2026-08-05T06:24:39Z,https://gevernova.wd5.myworkdayjobs.com/only_confidential_executive_recruiting/job/Wilmington-NC-USA/GE-Vernova-Nuclear---Manufacturing---Supply-Chain-Intern--Summer-2027-_R5049016-2
Kraft Heinz,"2027 US Manufacturing Internship Program – Manufacturing Facility Kirksville, Missouri",Summer 2027,False,,Internship,,Manufacturing & Quality,"Kirksville, MO",unknown,27,,,2026-07-31T00:00:00Z,date_only,2026-08-05T20:05:21Z,https://heinz.wd1.myworkdayjobs.com/KraftHeinz_Careers_UR/job/Kirksville-MO/XMLNAME-2027-US-Manufacturing-Internship-Program---Manufacturing-Facility-Kirksville--Missouri_R-105273
Kraft Heinz,"2027 US Manufacturing Internship Program – Manufacturing Facility Winchester, Virginia",Summer 2027,False,,Internship,,Manufacturing & Quality,"Winchester, VA",unknown,27,,,2026-07-31T00:00:00Z,date_only,2026-08-07T13:49:35Z,https://heinz.wd1.myworkdayjobs.com/KraftHeinz_Careers_UR/job/Winchester-VA/XMLNAME-2027-US-Manufacturing-Internship-Program---Manufacturing-Facility-Winchester--Virginia_R-105276
Kairos Power,Mechanical and Manufacturing Engineering Internship - Summer 2027,Summer 2027,False,,Internship,,Manufacturing & Quality,"Alameda, CA, Albuquerque, NM, or Oak Ridge, TN",unknown,3,,MATLAB; SolidWorks; AutoCAD; CAD; GD&T; ANSYS,2026-07-23T16:03:32-04:00,exact,2026-08-05T06:24:39Z,https://job-boards.greenhouse.io/kairospower/jobs/6123676004
Hermeus,Propulsion Engineering Intern - Spring/Summer/Fall 2027,Summer 2027,False,,Internship,,"Thermal, Fluids & Propulsion","Los Angeles, CA",citizens-only,,25–33 USD/hr,,2026-07-23T23:21:38Z,exact,2026-09-09T16:52:46Z,https://jobs.lever.co/hermeus/943f51e4-5b26-432c-ae85-de5f43cadb86
Mosaic,Structural Engineer Co-Op/Intern - Summer 2027,Summer 2027,False,,Internship / Co-op,,Structures & FEA,"US - Tampa, FL (Lithia area)",unknown,9,,,2026-07-22T00:00:00Z,date_only,2026-08-05T06:24:39Z,https://mosaic.wd5.myworkdayjobs.com/mosaic/job/US---Tampa-FL-Lithia-area/Structural-Engineer-Co-Op-Intern---Summer-2027_64448
Bosch,Quality Engineering Intern / Co-op - Fall 2026,Fall 2026,False,,Internship / Co-op,,Manufacturing & Quality,"Florence, KY, United States",unknown,188,,FMEA,2026-07-21T13:09:34.512Z,exact,2026-08-05T06:24:39Z,https://jobs.smartrecruiters.com/BoschGroup/744000138864841
Caterpillar Inc.,2027 Engineering Corporate Internship Program Welding,Summer 2027,False,,Internship,,Manufacturing & Quality,"Mossville, Illinois",no-sponsorship,411,,,2026-07-01T00:00:00Z,date_only,2026-08-05T06:24:39Z,https://cat.wd5.myworkdayjobs.com/CaterpillarCareers/job/Mossville-Illinois/XMLNAME-2027-Engineering-Corporate-Internship-Program-Welding_R0000380506
Lawrence Livermore National Laboratory (LLNL),Materials Science Division Undergraduate Intern - Fall 2026,Fall 2026,False,,Internship,,Materials Engineering,"Livermore, CA, United States",citizens-only,,,,2026-06-15T18:27:29.608Z,exact,2026-08-05T06:24:39Z,https://jobs.smartrecruiters.com/LLNL/3743990013626030
Anduril,2027 Mechanical Engineer Intern,Summer 2027,False,,Internship,,Mechanical Design,"Atlanta, Georgia, United States; Boston, Massachusetts, United States; Broomfield, Colorado, United States; Colorado Springs, Colorado, United States; Costa Mesa, California, United States; Fort Collins, Colorado, United States; Irvine, California, United States; Reston, Virginia, United States; Seattle, Washington, United States",citizens-only,,,SolidWorks; Siemens NX; CAD; FEA; CFD; Teamcenter; Computer Vision,2026-06-11T13:34:22-04:00,exact,2026-08-05T06:24:39Z,https://boards.greenhouse.io/andurilindustries/jobs/5153187007?gh_jid=5153187007
Anduril,2027 Manufacturing Engineer Intern,Summer 2027,False,,Internship,,Manufacturing & Quality,"Atlanta, Georgia, United States; Boston, Massachusetts, United States; Broomfield, Colorado, United States; Colorado Springs, Colorado, United States; Costa Mesa, California, United States; Fort Collins, Colorado, United States; Irvine, California, United States; Seattle, Washington, United States",citizens-only,,,Computer Vision,2026-06-11T13:51:24-04:00,exact,2026-08-05T06:24:39Z,https://boards.greenhouse.io/andurilindustries/jobs/5153218007?gh_jid=5153218007
Alloy Enterprises,"Co-Op, Thermal Test Engineer, Fall 2026 (July-December)",Fall 2026,False,,Co-op,,"Thermal, Fluids & Propulsion","Burlington, MA",citizens-only,,$23–$28/hr,Python; MATLAB; SolidWorks; CAD,2026-03-25T21:04:53.149+00:00,exact,2026-08-07T00:25:38Z,https://jobs.ashbyhq.com/alloyenterprises/946e7ae1-d2ac-4889-a72a-268b0aeda9bd
Mill,"Product Design Engineering Intern, Fall/Winter 2026",Fall 2026,False,,Internship,,Mechanical Design,"San Bruno, California",no-sponsorship,2,,Siemens NX; CAD; FEA; DFM/DFA,2026-03-17T14:28:31-04:00,exact,2026-09-16T17:14:51Z,https://job-boards.greenhouse.io/mill/jobs/4674154005
Hermeus,Propulsion Test Engineering Intern - Fall 2026,Fall 2026,False,,Internship,,"Thermal, Fluids & Propulsion","Jacksonville, FL",citizens-only,,25–33 USD/hr,,2026-03-16T14:29:06Z,exact,2026-08-05T06:24:39Z,https://jobs.lever.co/hermeus/31513d2a-8e08-424b-b125-4f972fcfc805
Hermeus,Mechanical Engineering Intern  - Fall 2026,Fall 2026,False,,Internship,,Mechanical Design,"Los Angeles, CA",citizens-only,,25–33 USD/hr,FEA,2026-03-09T20:47:32Z,exact,2026-08-05T06:24:39Z,https://jobs.lever.co/hermeus/6b6afa4a-b37d-4033-ac3b-e6501a951b98
Hermeus,Propulsion Engineer Intern - Fall 2026,Fall 2026,False,,Internship,,"Thermal, Fluids & Propulsion","Los Angeles, CA",citizens-only,,25–33 USD/hr,,2026-03-04T23:07:19Z,exact,2026-08-05T06:24:39Z,https://jobs.lever.co/hermeus/a949f158-6900-42e1-890d-fb3ec339c3d0
SharkNinja,"Fall 2026: Product Design Engineering Co-op, Advanced Development (July/August to December)",Fall 2026,False,,Co-op,,Mechanical Design,"Needham, MA, United States",unknown,23,,SolidWorks; Creo; CAD,2026-01-21T08:00:01-05:00,exact,2026-08-05T06:24:39Z,https://job-boards.greenhouse.io/sharkninjaoperatingllc/jobs/4646272006
SharkNinja,"Fall 2026: Product Design Engineering Co-op, Ninja (September to December)",Fall 2026,False,,Co-op,,Mechanical Design,"Needham, MA, United States",unknown,23,,SolidWorks; Creo; CAD,2026-01-21T08:00:02-05:00,exact,2026-08-26T20:17:25Z,https://job-boards.greenhouse.io/sharkninjaoperatingllc/jobs/4646375006
Amazon,"Robotics - Hardware Development Engineer Intern/Co-op - 2026 (Robotics, Mechanical, Electrical, Hardware Test, Reliability, Failure Analysis, Operations, and more)",Fall 2026,False,,Internship / Co-op,,Materials Engineering,"Westboro, Massachusetts, USA",unknown,23139,,CAD,2025-12-17T00:00:00Z,date_only,2026-08-05T06:24:39Z,https://www.amazon.jobs/en/jobs/3145033/robotics-hardware-development-engineer-intern-co-op-2026-robotics-mechanical-electrical-hardware-test-reliability-failure-analysis-operations-and-more
Collier Aerospace,NCSG Aerospace Methods & Automations Intern (Summer 2027),Summer 2027,False,,Internship,,Aerospace & Flight Sciences,"Raleigh, NC",unknown,,,,,,2026-09-10T16:38:30Z,https://ats.rippling.com/collieraerospace/jobs/c1fcbdc3-fe19-4209-b080-15a5db8c75e1
Collier Aerospace,NCSG Aerospace Structural Engineering Intern (Summer 2027),Summer 2027,False,,Internship,,Structures & FEA,"Raleigh, NC",unknown,,,,,,2026-09-10T16:38:30Z,https://ats.rippling.com/collieraerospace/jobs/e132478d-3a1c-4bb6-9f57-002df2853f0c
REV Robotics,Mechanical Engineering INTERN 2027,Summer 2027,False,,Internship,,Mechanical Design,"Carrollton, TX",unknown,,,,,,2026-09-18T21:07:08Z,https://ats.rippling.com/rev-robotics/jobs/6f40fd69-7d97-4142-a5fa-3c535a0b3e6e
American Rare Earths,Manufacturing Intern (Summer 2027),Summer 2027,False,,Internship,,Manufacturing & Quality,"Stillwater, OK",unknown,,,,,,2026-09-14T22:01:23Z,https://ats.rippling.com/usare/jobs/affd3b55-48c3-4d5d-88f4-859441845337
